name,x1,x2,y1,y2,classname
0939.jpeg,81,93,45,63,Mask
1655.jpg,164,182,50,96,Mask
1526.jpg,27,113,0,77,Mask
1541.jpg,64,84,25,63,Mask
0035.jpg,68,98,81,109,No Mask
0764.jpg,59,69,23,41,Mask
0764.jpg,114,124,36,52,Mask
1542.jpg,0,82,0,65,Mask
0574.jpg,69,89,21,57,Mask
0204.jpg,63,75,82,106,Mask
0204.jpg,141,151,91,113,Mask
0482.jpg,5,99,0,89,Mask
0774.jpg,29,45,156,184,Mask
1637.jpg,19,95,51,147,Mask
1534.jpg,112,148,0,57,Mask
1534.jpg,51,71,26,64,Mask
1706.jpg,89,101,63,91,Mask
1706.jpg,21,41,34,70,Mask
1565.jpg,27,43,36,72,Mask
1565.jpg,90,110,11,45,Mask
1363.jpg,0,99,0,99,Mask
1212.jpg,69,87,9,45,Mask
1212.jpg,175,191,0,28,Mask
1212.jpg,34,46,27,53,Mask
0229.jpg,13,99,23,105,Mask
0194.jpg,136,164,0,53,Mask
0194.jpg,11,33,11,53,Mask
0194.jpg,34,52,75,105,Mask
1775.jpg,58,116,32,92,No Mask
0645.jpg,154,174,52,90,Mask
0702.jpg,134,156,43,81,Mask
1532.jpg,166,192,45,99,Mask
1532.jpg,4,22,70,110,Mask
1532.jpg,144,148,70,78,Mask
1532.jpg,163,167,76,82,Mask
1532.jpg,68,72,58,66,Mask
1532.jpg,216,218,98,102,Mask
1770.jpg,99,125,83,139,Mask
1770.jpg,8,46,23,89,Mask
1770.jpg,153,181,19,65,Mask
0413.jpg,67,75,39,53,Mask
0139.jpg,66,142,5,65,No Mask
1365.jpg,76,118,31,99,No Mask
1644.jpg,9,113,0,77,No Mask
0073.jpg,178,186,19,35,Mask
0073.jpg,103,113,31,49,Mask
1797.jpg,57,113,0,98,Mask
0316.jpg,75,87,45,73,Mask
0316.jpg,113,125,55,77,Mask
0316.jpg,123,143,129,169,Mask
0316.jpg,11,35,0,39,Mask
0316.jpg,173,183,75,91,Mask
1065.jpg,121,139,41,75,Mask
1743.jpg,105,123,66,100,Mask
0735.jpg,135,143,10,26,Mask
0735.jpg,70,78,21,35,Mask
0006.jpg,58,66,133,147,Mask
0652.jpg,60,82,19,43,Mask
0150.jpg,58,122,5,97,Mask
1340.jpg,75,113,21,53,Mask
0448.jpg,0,61,20,114,Mask
1356.jpg,64,78,29,53,Mask
1356.jpg,115,125,53,71,Mask
1619.jpg,33,61,27,83,Mask
1619.jpg,84,104,54,90,Mask
1418.jpg,122,136,81,103,Mask
1418.jpg,90,104,85,111,Mask
1418.jpg,63,71,55,69,Mask
1418.jpg,147,153,50,62,Mask
1418.jpg,79,87,64,82,Mask
1418.jpg,115,123,30,44,Mask
1418.jpg,3,13,34,54,Mask
1418.jpg,92,100,58,72,Mask
1418.jpg,170,176,61,73,Mask
1418.jpg,10,28,58,84,Mask
1418.jpg,214,216,40,44,Mask
1418.jpg,157,161,51,59,Mask
1418.jpg,42,60,77,107,Mask
1418.jpg,94,100,49,61,Mask
1418.jpg,197,199,47,51,Mask
1418.jpg,122,126,57,65,Mask
1418.jpg,207,211,55,63,Mask
1418.jpg,190,202,52,74,Mask
0745.jpg,86,122,4,36,Mask
0434.jpg,102,122,0,28,Mask
1435.jpg,120,138,71,107,Mask
1435.jpg,93,109,83,109,Mask
1435.jpg,198,208,0,16,Mask
0087.png,132,152,31,63,Mask
0087.png,85,103,35,71,Mask
0087.png,47,75,23,79,Mask
0087.png,108,122,57,89,Mask
0087.png,175,185,140,156,Mask
0375.jpg,132,170,2,72,Mask
0375.jpg,56,76,49,87,Mask
1516.jpg,178,188,21,41,Mask
1516.jpg,94,104,23,41,No Mask
1516.jpg,34,38,57,67,Mask
0132.jpg,158,172,63,97,No Mask
0132.jpg,126,140,48,82,Mask
1717.jpg,36,46,82,96,No Mask
0372.jpg,17,113,0,123,Mask
1134.jpg,165,179,31,57,No Mask
1134.jpg,65,73,44,62,Mask
1134.jpg,181,193,23,47,Mask
1134.jpg,34,42,30,54,No Mask
1134.jpg,143,151,43,61,Mask
1134.jpg,38,52,74,100,Mask
1134.jpg,97,109,20,44,Mask
0287.jpg,76,106,26,74,Mask
1119.jpg,62,96,52,100,Mask
1445.jpg,87,97,38,58,Mask
1445.jpg,153,163,41,59,Mask
0648.jpg,132,144,81,91,Mask
0909.jpg,27,69,0,55,Mask
1289.jpg,104,130,9,39,No Mask
1289.jpg,40,64,40,64,No Mask
1467.jpg,147,155,6,22,Mask
1467.jpg,104,112,9,27,Mask
1467.jpg,187,195,10,26,Mask
1467.jpg,25,31,6,18,Mask
0666.jpg,106,158,0,92,Mask
0666.jpg,0,55,24,108,Mask
1314.jpg,22,72,68,126,Mask
0815.jpg,110,126,51,75,Mask
0573.jpg,136,164,87,141,Mask
0573.jpg,20,52,68,122,Mask
1423.jpg,26,64,19,89,Mask
1423.jpg,82,120,11,87,Mask
1473.jpg,40,112,0,76,Mask
0476.jpg,50,112,0,48,Mask
0391.jpg,95,167,0,46,No Mask
0258.jpg,124,152,6,56,Mask
1509.jpg,60,70,27,49,Mask
1509.jpg,161,181,26,66,Mask
1509.jpg,26,44,0,35,Mask
1610.jpg,78,110,43,97,Mask
0722.jpg,84,108,0,21,Mask
1333.jpg,139,167,39,89,Mask
1333.jpg,21,57,66,98,Mask
0052.jpeg,124,160,0,65,Mask
0052.jpeg,69,97,70,134,Mask
0052.jpeg,29,53,106,158,Mask
1438.jpg,195,213,0,22,Mask
1438.jpg,87,101,19,53,Mask
1438.jpg,125,141,15,55,Mask
1438.jpg,0,7,0,23,Mask
0791.jpg,85,141,0,60,Mask
0149.jpg,42,60,31,69,Mask
0149.jpg,140,160,46,78,Mask
0149.jpg,107,113,25,39,Mask
0149.jpg,177,181,31,39,Mask
0149.jpg,217,221,27,37,Mask
0149.jpg,116,124,28,38,Mask
0149.jpg,196,200,30,38,No Mask
1329.jpg,80,88,24,44,Mask
1329.jpg,51,59,29,49,Mask
1329.jpg,167,177,7,27,Mask
1152.jpg,91,99,50,64,Mask
1152.jpg,119,127,44,60,Mask
0360.jpg,149,157,60,76,Mask
0360.jpg,63,71,74,88,Mask
0360.jpg,77,83,69,83,Mask
0360.jpg,9,19,66,84,Mask
0450.jpg,91,117,4,38,Mask
0237.jpg,115,147,26,82,Mask
0029.jpg,108,142,1,61,Mask
1350.jpg,44,78,36,104,Mask
1350.jpg,164,178,29,57,Mask
1350.jpg,123,133,60,80,Mask
1350.jpg,33,57,0,45,Mask
1350.jpg,145,155,47,67,Mask
1350.jpg,19,37,41,81,Mask
1350.jpg,205,217,39,63,Mask
1517.jpg,0,93,0,63,Mask
1085.jpg,151,169,33,61,Mask
1085.jpg,108,126,21,49,Mask
1645.jpg,78,120,26,90,Mask
0677.jpg,95,115,40,66,Mask
1587.jpg,120,138,29,65,Mask
1587.jpg,85,103,67,107,Mask
0158.jpg,0,65,8,128,Mask
0894.jpg,38,100,11,77,No Mask
0024.jpg,85,109,44,74,Mask
0151.jpg,51,67,86,118,Mask
0151.jpg,127,133,97,109,Mask
0151.jpg,137,139,87,91,Mask
1686.jpg,0,57,74,160,Mask
1686.jpg,113,161,2,64,Mask
1686.jpg,0,40,0,57,No Mask
0849.jpg,101,117,3,35,Mask
0926.jpg,76,86,0,10,Mask
0926.jpg,94,112,23,57,Mask
0926.jpg,32,40,0,8,Mask
0926.jpg,20,26,0,8,Mask
1361.jpg,40,92,0,75,Mask
0138.jpg,0,107,2,98,No Mask
1498.jpg,124,144,14,50,Mask
0121.png,91,117,0,54,Mask
0494.jpg,55,127,0,90,No Mask
0373.jpg,13,105,0,79,No Mask
0921.jpg,37,141,0,111,No Mask
0779.jpg,9,115,0,96,Mask
0501.png,67,89,29,65,Mask
1444.jpg,84,100,44,72,Mask
1444.jpg,148,164,17,57,Mask
1444.jpg,116,130,34,64,Mask
1444.jpg,177,193,23,57,Mask
1444.jpg,42,46,37,45,Mask
1444.jpg,208,216,35,53,Mask
1315.jpg,46,54,144,156,Mask
0558.jpg,18,108,4,82,Mask
1584.jpg,0,112,0,110,Mask
1481.jpg,119,139,31,71,Mask
1481.jpg,59,85,0,39,Mask
0963.png,154,186,0,45,Mask
0963.png,0,26,5,73,Mask
0963.png,72,108,2,54,Mask
1385.jpg,80,86,58,70,Mask
1385.jpg,156,164,144,160,Mask
1385.jpg,130,138,72,88,Mask
1385.jpg,164,172,114,132,Mask
0313.jpg,43,97,34,82,Mask
0305.jpeg,0,114,0,82,No Mask
1381.jpg,102,142,67,139,Mask
1381.jpg,0,29,60,160,Mask
1381.jpg,64,104,0,39,Mask
1381.jpg,150,184,22,80,Mask
1196.jpg,69,97,9,63,Mask
1196.jpg,39,47,57,71,Mask
1196.jpg,119,127,69,81,Mask
0299.jpg,0,107,0,111,No Mask
1680.jpg,204,208,88,92,Mask
1680.jpg,154,170,41,71,Mask
1566.jpg,85,101,47,89,Mask
1215.jpg,165,181,70,96,Mask
1215.jpg,113,121,102,116,Mask
0256.jpg,0,108,0,93,No Mask
0441.jpg,69,87,30,66,No Mask
1575.jpg,81,113,45,75,Mask
0504.jpg,50,64,102,126,Mask
1303.jpg,0,8,46,60,Mask
1303.jpg,137,145,51,65,Mask
1303.jpg,152,172,39,73,Mask
1303.jpg,22,28,49,61,Mask
1303.jpg,131,137,46,58,Mask
1303.jpg,83,109,45,81,Mask
1303.jpg,151,157,15,25,Mask
1303.jpg,59,61,54,60,Mask
1303.jpg,76,82,47,61,Mask
1303.jpg,209,217,45,61,Mask
1303.jpg,39,45,50,58,Mask
1303.jpg,68,70,51,59,Mask
1303.jpg,27,31,34,40,Mask
0826.jpg,66,114,3,57,Mask
1258.jpg,55,73,43,79,Mask
1048.jpg,86,106,22,62,Mask
1048.jpg,57,75,16,54,Mask
0614.jpg,12,110,14,116,Mask
1335.jpg,78,86,55,69,Mask
1335.jpg,131,139,46,62,Mask
1335.jpg,204,206,85,91,Mask
0190.jpg,64,110,0,95,Mask
0627.jpg,103,121,76,92,Mask
0585.jpg,63,101,25,95,No Mask
1519.jpg,31,113,0,110,Mask
0584.jpg,76,142,0,61,Mask
0520.jpg,79,123,6,90,No Mask
0059.jpg,55,87,15,63,Mask
0213.jpg,79,99,17,55,Mask
1019.jpg,58,122,0,88,No Mask
0577.jpg,17,115,0,96,Mask
0075.jpg,38,108,0,63,No Mask
0664.jpg,96,110,63,87,Mask
0040.jpg,55,81,14,62,Mask
0294.jpg,99,129,0,64,Mask
1320.jpg,41,87,1,69,Mask
0562.jpg,64,88,37,81,No Mask
0955.jpg,61,77,58,92,Mask
0955.jpg,155,173,12,48,Mask
0955.jpg,92,110,55,93,Mask
1226.jpg,110,138,35,65,Mask
1512.jpg,35,81,0,93,Mask
1732.jpg,214,220,102,116,Mask
0216.jpg,80,134,0,99,Mask
0275.jpg,24,42,7,49,Mask
0275.jpg,129,147,6,44,Mask
1301.jpg,88,122,61,123,Mask
1301.jpg,130,152,5,63,Mask
0431.jpg,102,142,12,78,Mask
0889.jpg,69,107,48,122,No Mask
0884.jpg,23,39,7,35,Mask
0032.jpg,145,169,41,71,Mask
0032.jpg,32,46,48,70,Mask
0362.jpg,59,73,93,117,Mask
0070.jpg,207,211,30,34,Mask
0070.jpg,115,131,45,57,Mask
1439.jpg,69,121,0,99,Mask
1439.jpg,9,43,40,122,Mask
0966.jpeg,97,105,75,91,Mask
0966.jpeg,130,140,13,27,Mask
0203.jpg,78,126,0,36,Mask
1529.jpg,122,138,77,105,Mask
1529.jpg,18,20,109,113,Mask
1746.jpg,84,100,31,63,Mask
1733.jpg,71,157,53,141,Mask
0714.jpg,52,114,1,81,Mask
0288.jpg,88,124,26,72,Mask
0503.png,51,141,26,126,Mask
0012.jpg,139,147,81,97,Mask
0012.jpg,18,28,65,83,Mask
0012.jpg,170,178,92,108,Mask
0012.jpg,120,130,74,92,Mask
0012.jpg,10,16,80,92,Mask
0012.jpg,93,97,82,88,No Mask
0526.jpg,0,124,0,100,No Mask
1622.jpg,85,141,0,62,No Mask
0643.jpg,0,115,0,144,Mask
0709.jpg,94,118,9,31,Mask
1102.jpg,0,108,0,128,No Mask
1313.jpg,49,65,69,99,Mask
1313.jpg,78,92,65,93,Mask
1313.jpg,159,175,37,65,Mask
1313.jpg,63,77,47,75,Mask
1313.jpg,32,46,83,107,Mask
1313.jpg,110,126,45,71,Mask
1313.jpg,105,119,73,101,Mask
1313.jpg,20,32,75,97,Mask
1313.jpg,126,142,55,89,Mask
1313.jpg,184,204,70,108,Mask
1313.jpg,181,199,13,47,Mask
1313.jpg,4,16,73,97,Mask
1313.jpg,38,46,50,66,Mask
1313.jpg,106,116,40,58,Mask
1313.jpg,167,183,67,91,No Mask
0366.jpg,58,96,0,63,Mask
0366.jpg,101,131,19,81,Mask
1724.jpg,9,47,10,74,Mask
1724.jpg,105,133,39,91,Mask
1724.jpg,144,176,2,74,Mask
1724.jpg,73,103,35,91,Mask
1724.jpg,0,12,53,115,No Mask
0776.jpg,70,78,17,35,Mask
0776.jpg,115,121,44,52,Mask
0776.jpg,129,133,50,58,No Mask
0776.jpg,155,163,20,36,Mask
0776.jpg,140,148,47,57,No Mask
0031.jpg,28,36,91,105,Mask
0031.jpg,72,74,96,100,Mask
0031.jpg,0,5,88,96,Mask
0031.jpg,121,129,73,87,Mask
0031.jpg,103,113,84,100,Mask
0023.jpg,60,128,0,90,No Mask
1238.jpg,12,28,40,66,Mask
1238.jpg,42,56,36,64,Mask
1238.jpg,62,140,0,79,Mask
1543.jpg,55,73,53,89,Mask
1543.jpg,105,125,25,65,Mask
1029.jpg,19,113,0,90,No Mask
1265.jpg,104,162,0,99,Mask
1288.jpg,17,107,9,105,Mask
0415.jpg,51,83,2,64,Mask
0253.jpg,166,186,18,56,Mask
1462.jpg,105,139,8,72,Mask
1036.png,89,129,38,92,No Mask
0893.jpg,25,57,35,97,Mask
0893.jpg,174,200,32,82,Mask
0893.jpg,93,139,51,125,Mask
0892.jpg,63,109,8,64,Mask
1700.jpg,35,45,22,40,Mask
0571.jpg,59,107,11,109,No Mask
1591.jpg,28,50,9,45,Mask
1591.jpg,125,147,3,39,Mask
1591.jpg,177,193,16,42,Mask
0730.jpg,61,71,60,78,Mask
1092.jpg,96,118,37,75,Mask
0985.jpeg,112,130,31,69,Mask
0067.jpg,123,153,16,70,Mask
0662.jpg,138,156,44,80,Mask
0662.jpg,167,175,33,45,Mask
0662.jpg,196,212,83,109,Mask
0969.jpg,6,62,19,131,Mask
0969.jpg,94,158,92,176,Mask
0320.jpg,76,114,22,88,Mask
1327.jpg,44,70,2,48,Mask
1327.jpg,141,167,51,97,Mask
1327.jpg,109,131,0,31,Mask
1105.jpg,117,149,67,115,Mask
0056.jpg,193,199,84,96,Mask
0056.jpg,107,111,98,106,Mask
0470.jpg,18,88,6,64,Mask
0134.jpg,24,116,4,92,No Mask
1431.jpg,99,113,59,83,Mask
0148.jpg,0,96,0,89,Mask
1114.png,126,170,0,48,Mask
1634.jpg,42,94,31,97,Mask
1783.jpg,126,146,32,66,Mask
1783.jpg,33,49,31,65,Mask
1629.jpg,58,90,28,80,Mask
1629.jpg,122,176,8,108,Mask
1322.jpg,5,69,0,57,Mask
1322.jpg,160,202,93,149,Mask
1220.jpg,64,108,0,91,Mask
1759.png,120,138,26,56,Mask
1759.png,38,58,3,37,Mask
0483.jpg,51,105,14,62,Mask
0579.jpg,78,86,44,56,Mask
0579.jpg,149,151,27,31,Mask
1051.jpg,51,75,7,55,Mask
1051.jpg,133,151,12,48,Mask
1051.jpg,110,130,33,71,Mask
1051.jpg,189,201,51,79,No Mask
0732.jpg,118,126,39,53,Mask
0732.jpg,96,110,37,57,Mask
0732.jpg,129,137,38,54,Mask
0254.jpg,98,118,67,99,Mask
0315.jpg,42,66,3,55,Mask
0315.jpg,184,200,0,36,Mask
0315.jpg,12,26,25,57,Mask
1564.jpg,133,157,24,72,Mask
1564.jpg,29,55,10,62,Mask
1564.jpg,96,116,34,66,Mask
1564.jpg,125,143,26,58,Mask
1710.jpg,153,159,100,116,Mask
1710.jpg,101,107,127,147,Mask
1710.jpg,42,70,0,44,Mask
1710.jpg,57,61,129,137,Mask
0034.jpg,61,79,0,29,Mask
0034.jpg,127,141,34,58,Mask
0034.jpg,207,217,10,38,Mask
0034.jpg,92,96,55,63,Mask
0992.jpg,100,138,12,90,Mask
0009.jpg,57,71,55,83,Mask
0437.jpg,78,106,7,35,Mask
0437.jpg,140,166,3,31,Mask
0933.jpg,33,109,15,129,Mask
0533.jpg,8,26,30,60,Mask
0533.jpg,59,73,51,75,No Mask
0533.jpg,88,102,45,75,Mask
0533.jpg,126,142,29,57,Mask
0533.jpg,176,196,12,50,Mask
0314.jpg,32,48,23,55,Mask
0314.jpg,154,168,54,82,Mask
1685.jpg,111,127,15,47,Mask
0848.jpg,91,105,27,53,Mask
1450.jpg,111,123,99,121,Mask
1656.jpg,51,79,3,57,Mask
1656.jpg,146,172,36,88,Mask
0166.jpg,9,97,0,114,Mask
0724.jpg,130,166,0,55,Mask
0724.jpg,44,54,51,71,Mask
0724.jpg,121,127,25,37,Mask
1128.jpg,98,104,74,86,Mask
1128.jpg,121,125,65,75,Mask
1525.jpg,16,34,27,57,Mask
1525.jpg,92,112,40,74,Mask
1525.jpg,184,208,0,22,No Mask
1525.jpg,0,7,22,50,Mask
1525.jpg,49,65,40,66,Mask
1525.jpg,71,89,57,87,No Mask
0209.jpg,29,39,9,25,Mask
0209.jpg,129,139,97,113,No Mask
0224.jpg,43,107,0,93,No Mask
1523.jpg,18,96,0,96,Mask
1480.png,124,138,13,45,No Mask
1480.png,151,179,0,38,Mask
1480.png,7,39,0,36,Mask
0345.jpg,107,115,101,113,Mask
1737.png,58,114,7,49,No Mask
0698.jpg,61,123,3,65,Mask
1524.jpg,82,94,8,30,Mask
1524.jpg,113,121,8,24,Mask
1524.jpg,43,51,3,15,No Mask
1524.jpg,145,159,22,44,Mask
1524.jpg,28,36,8,20,Mask
0266.jpg,97,105,96,110,Mask
0266.jpg,105,111,50,62,Mask
0266.jpg,171,177,45,57,No Mask
0266.jpg,129,131,13,17,Mask
0266.jpg,34,36,3,7,Mask
0266.jpg,76,80,34,40,Mask
1302.jpg,33,77,64,112,Mask
1302.jpg,83,135,39,91,Mask
0185.jpg,133,159,65,115,Mask
1342.jpg,44,66,44,82,Mask
1342.jpg,71,95,53,89,Mask
1342.jpg,23,49,0,19,Mask
1582.jpg,160,178,54,70,Mask
0752.jpg,106,126,2,38,Mask
0752.jpg,49,63,1,31,Mask
1522.jpg,148,158,4,20,Mask
1522.jpg,0,6,19,35,Mask
1187.jpg,129,175,18,106,No Mask
1187.jpg,15,51,0,64,No Mask
1157.jpg,83,117,0,44,Mask
1116.jpg,140,178,64,124,Mask
1116.jpg,66,110,40,98,Mask
1116.jpg,14,46,48,100,Mask
0765.jpg,71,103,70,116,Mask
1556.jpg,58,108,41,79,Mask
0250.png,23,115,0,126,Mask
1599.jpg,120,126,6,18,Mask
1599.jpg,101,113,3,29,Mask
1599.jpg,146,150,13,23,Mask
1599.jpg,12,18,17,29,No Mask
1599.jpg,184,188,18,26,Mask
1599.jpg,94,100,17,31,Mask
1599.jpg,25,29,15,23,Mask
0389.jpg,0,65,0,110,No Mask
1305.jpg,0,31,77,123,No Mask
1305.jpg,29,97,67,113,Mask
1305.jpg,0,18,16,54,Mask
1305.jpg,177,209,21,61,No Mask
1305.jpg,108,148,39,73,Mask
1305.jpg,58,104,35,65,Mask
0566.jpg,26,106,34,112,Mask
1627.jpg,88,124,56,116,Mask
0361.jpg,89,107,10,44,Mask
0354.jpg,24,44,22,56,Mask
0354.jpg,6,20,1,31,Mask
0354.jpg,89,113,41,79,Mask
0354.jpg,169,199,65,115,Mask
0354.jpg,142,158,6,32,Mask
0402.jpg,156,170,20,36,Mask
0402.jpg,38,52,28,44,Mask
0534.jpeg,30,90,0,96,Mask
1466.jpg,137,173,3,63,Mask
1466.jpg,11,61,0,47,Mask
0986.jpg,133,139,23,37,Mask
0986.jpg,78,82,40,44,Mask
1240.jpg,0,110,0,101,No Mask
1663.jpg,55,73,18,54,Mask
1505.jpg,96,106,22,40,Mask
0623.jpg,41,59,74,108,Mask
0623.jpg,135,151,63,89,Mask
0623.jpg,153,173,82,118,No Mask
0623.jpg,56,68,48,70,Mask
0623.jpg,0,12,43,75,Mask
0623.jpg,105,125,63,95,Mask
0623.jpg,21,37,32,62,Mask
0623.jpg,42,52,42,62,Mask
0623.jpg,159,173,66,92,Mask
0623.jpg,86,104,71,99,Mask
0623.jpg,22,40,67,97,Mask
0623.jpg,108,118,55,71,Mask
1500.jpg,114,126,73,95,Mask
0168.png,27,127,0,93,Mask
0540.jpg,158,178,46,82,Mask
0540.jpg,184,206,55,91,Mask
0540.jpg,105,127,19,57,Mask
0540.jpg,20,38,45,83,Mask
0540.jpg,54,72,48,84,Mask
1257.jpg,85,133,0,99,Mask
1257.jpg,13,63,0,79,Mask
0866.jpg,83,125,16,70,Mask
1391.jpg,119,125,78,92,Mask
0465.jpg,64,110,19,91,Mask
1214.jpg,73,115,24,90,Mask
0995.jpg,132,166,0,45,Mask
0995.jpg,44,74,5,71,Mask
0995.jpg,116,140,0,47,Mask
1347.jpg,111,131,81,117,Mask
1347.jpg,82,100,49,83,Mask
1347.jpg,38,58,75,115,Mask
1347.jpg,192,196,60,68,Mask
0228.jpg,42,118,48,124,No Mask
0941.jpg,88,106,21,55,Mask
1520.jpg,14,110,0,128,Mask
0491.jpg,68,84,27,53,Mask
0491.jpg,110,126,27,57,Mask
0050.jpg,98,118,9,41,Mask
0050.jpg,54,68,0,24,Mask
0050.jpg,0,22,18,66,Mask
0050.jpg,171,181,26,44,Mask
0050.jpg,148,158,4,22,Mask
0050.jpg,203,213,12,32,Mask
0757.jpg,83,97,17,39,No Mask
0757.jpg,163,179,27,53,No Mask
1727.jpg,12,114,0,77,No Mask
0837.jpg,69,117,0,110,Mask
0457.jpg,55,113,0,76,Mask
1293.jpg,66,80,31,61,No Mask
0946.jpg,125,139,52,80,Mask
0946.jpg,11,31,12,48,Mask
0946.jpg,67,83,9,37,Mask
0946.jpg,97,111,77,107,Mask
0946.jpg,93,99,70,80,Mask
0946.jpg,211,217,62,74,Mask
0531.jpg,40,108,0,116,No Mask
1246.jpg,52,100,13,81,Mask
0454.jpg,60,112,75,125,No Mask
1499.jpg,54,72,74,116,Mask
1499.jpg,156,168,100,120,Mask
1499.jpg,102,112,101,121,Mask
1499.jpg,126,136,88,110,Mask
1312.jpg,29,47,97,131,Mask
1312.jpg,60,80,80,116,Mask
1312.jpg,190,192,75,79,No Mask
0278.png,0,30,0,45,Mask
0278.png,120,124,163,171,No Mask
0544.jpg,0,70,0,81,Mask
0876.jpg,105,125,24,56,Mask
1047.jpg,83,119,7,73,Mask
0175.jpg,74,116,13,97,No Mask
1789.jpg,176,198,7,55,Mask
1789.jpg,50,66,0,12,Mask
1789.jpg,32,54,28,64,Mask
0082.png,79,101,56,86,Mask
0082.png,8,26,72,98,Mask
0082.png,13,27,0,15,Mask
0082.png,214,220,0,14,Mask
1141.jpg,71,109,7,41,No Mask
1601.jpg,61,105,1,79,Mask
1392.jpg,23,31,79,91,No Mask
1392.jpg,101,113,79,95,Mask
1392.jpg,70,78,61,73,Mask
0871.jpg,130,156,45,65,Mask
0782.jpg,0,110,0,83,Mask
1530.jpg,62,114,68,160,Mask
0126.jpg,3,107,3,113,Mask
0430.jpg,50,58,26,40,No Mask
0430.jpg,187,195,21,41,Mask
0430.jpg,153,163,21,35,Mask
0430.jpg,90,96,20,34,Mask
1485.jpg,127,141,13,37,Mask
1485.jpg,177,187,23,41,Mask
0990.jpg,90,140,19,89,Mask
0990.jpg,180,208,0,46,Mask
1388.jpg,94,104,32,52,Mask
1388.jpg,16,28,19,47,Mask
1388.jpg,155,169,0,19,Mask
1388.jpg,122,134,14,28,Mask
0019.jpg,14,18,59,67,No Mask
0003.jpg,55,131,0,91,Mask
0462.jpg,50,108,48,100,Mask
0054.jpg,42,74,17,49,Mask
1359.jpg,131,169,11,71,Mask
1359.jpg,203,211,43,61,Mask
1359.jpg,88,106,32,72,Mask
1359.jpg,134,142,48,66,Mask
1359.jpg,26,34,39,57,Mask
0010.jpg,114,136,81,133,Mask
0010.jpg,170,186,75,115,Mask
0907.jpg,69,115,38,106,Mask
0907.jpg,112,152,32,98,Mask
0485.jpg,4,82,0,125,No Mask
0688.jpg,49,69,9,47,Mask
0249.jpg,0,105,0,100,Mask
0249.jpg,29,109,0,114,Mask
1355.jpg,131,141,0,18,Mask
1355.jpg,56,64,12,28,Mask
1355.jpg,109,121,13,35,Mask
1355.jpg,195,211,7,33,Mask
1355.jpg,70,78,70,84,Mask
1355.jpg,95,99,7,13,Mask
1355.jpg,21,27,11,21,Mask
1355.jpg,164,168,22,30,Mask
1355.jpg,65,69,9,17,Mask
1549.jpg,34,128,0,95,Mask
1547.jpg,11,39,71,99,Mask
1547.jpg,131,159,92,126,Mask
1547.jpg,177,195,64,90,Mask
1547.jpg,78,96,80,96,Mask
0578.jpg,21,83,4,106,No Mask
1013.jpg,61,103,73,133,Mask
1013.jpg,129,157,73,101,Mask
1497.jpg,102,120,25,65,Mask
0264.jpg,57,65,23,41,Mask
0264.jpg,19,35,7,39,Mask
0264.jpg,186,192,43,57,Mask
0264.jpg,90,98,20,40,Mask
0081.jpg,88,114,54,100,Mask
0081.jpg,6,30,55,109,Mask
1367.jpg,115,155,47,97,Mask
1007.jpg,109,119,78,96,Mask
1577.jpg,33,115,14,114,Mask
1631.jpg,26,98,0,98,Mask
0676.jpg,72,114,38,98,Mask
1461.jpg,89,97,50,66,Mask
1461.jpg,112,116,83,91,No Mask
1461.jpg,161,163,88,92,Mask
1461.jpg,125,127,88,94,Mask
1461.jpg,49,55,61,75,Mask
1461.jpg,139,141,92,96,Mask
1461.jpg,140,142,92,96,Mask
0387.png,1,97,8,128,Mask
1687.jpg,48,110,11,109,Mask
1377.jpg,98,118,87,125,Mask
1009.jpg,73,89,8,38,Mask
1009.jpg,114,132,43,73,Mask
0453.jpg,22,118,0,72,Mask
0672.jpg,112,144,0,50,Mask
0425.jpg,109,125,56,98,Mask
0425.jpg,140,176,12,80,Mask
0424.jpg,91,107,64,98,Mask
0424.jpg,151,169,52,84,Mask
0424.jpg,63,85,76,118,Mask
0424.jpg,109,123,58,82,Mask
0424.jpg,175,199,66,104,Mask
0424.jpg,127,135,76,88,Mask
0077.jpg,88,108,31,71,Mask
0077.jpg,170,176,37,53,Mask
0077.jpg,149,157,29,49,Mask
0077.jpg,24,48,3,53,Mask
0245.jpg,44,108,0,114,No Mask
0821.jpg,166,178,28,60,Mask
0821.jpg,32,46,36,62,Mask
0980.jpeg,40,92,43,95,Mask
0301.jpg,0,113,0,115,Mask
1171.jpg,15,129,0,77,No Mask
0583.jpg,48,88,5,71,Mask
0896.jpg,13,23,56,74,Mask
0896.jpg,142,170,43,91,Mask
0896.jpg,84,110,40,74,Mask
1698.jpg,26,44,33,63,Mask
1698.jpg,175,193,58,84,Mask
1698.jpg,87,101,72,86,Mask
1285.jpg,52,116,27,79,Mask
0911.jpg,55,109,0,77,Mask
0762.jpg,93,113,9,35,Mask
0769.jpg,24,58,43,99,Mask
1328.jpg,39,71,14,46,Mask
0248.jpg,67,123,0,96,Mask
0594.jpg,80,110,40,90,Mask
0594.jpg,174,202,41,107,Mask
0575.jpg,85,119,32,62,Mask
0852.jpg,86,100,63,99,Mask
1244.jpg,115,141,0,39,Mask
1244.jpg,44,52,8,24,Mask
1244.jpg,70,74,32,40,Mask
0163.jpg,98,114,6,46,Mask
1188.jpg,94,156,0,107,Mask
1188.jpg,0,31,5,109,Mask
1243.jpg,0,116,0,62,No Mask
0792.jpg,0,92,6,116,Mask
1795.jpg,28,48,25,69,Mask
1795.jpg,199,211,0,15,No Mask
1795.jpg,87,107,4,48,Mask
1795.jpg,162,174,0,24,Mask
1185.jpg,105,143,0,62,Mask
1595.jpg,113,155,56,100,Mask
1470.jpg,121,127,93,103,Mask
1470.jpg,100,106,89,101,Mask
1570.jpg,49,107,25,141,Mask
0367.png,8,110,0,107,Mask
1590.jpg,33,83,13,115,Mask
1590.jpg,111,161,9,111,Mask
0881.jpg,53,65,43,71,Mask
1229.jpg,47,81,51,105,Mask
0641.jpg,202,210,2,12,No Mask
0641.jpg,126,144,57,83,Mask
0641.jpg,39,57,55,79,Mask
1661.jpg,147,157,0,17,Mask
0371.jpg,109,119,86,104,Mask
0043.jpg,88,142,24,82,Mask
1044.jpg,82,98,56,88,Mask
1044.jpg,121,137,55,95,Mask
1044.jpg,58,76,41,73,Mask
1044.jpg,159,175,42,80,Mask
1339.jpg,52,96,27,107,Mask
1624.jpg,72,100,14,72,Mask
1269.jpg,187,205,60,92,Mask
1269.jpg,142,158,43,71,Mask
1269.jpg,53,71,65,99,Mask
1269.jpg,91,113,66,98,Mask
1269.jpg,9,23,62,88,Mask
1269.jpg,43,57,44,74,Mask
1446.jpg,175,187,67,91,Mask
1446.jpg,131,139,69,83,Mask
1446.jpg,73,79,59,71,Mask
1446.jpg,95,101,55,67,Mask
1446.jpg,24,32,57,69,Mask
1446.jpg,59,65,66,74,Mask
1111.jpg,0,109,0,65,No Mask
1609.jpg,47,107,8,96,Mask
1415.jpg,31,47,37,63,Mask
1415.jpg,134,150,6,38,Mask
0187.jpg,64,88,0,44,No Mask
0187.jpg,112,134,29,79,No Mask
0999.png,0,96,0,126,Mask
0635.jpg,99,133,18,48,Mask
0635.jpg,0,22,30,54,Mask
0635.jpg,203,217,115,143,Mask
0621.jpg,60,74,15,37,Mask
0621.jpg,109,117,6,20,Mask
0459.jpg,46,116,0,57,No Mask
0181.jpg,96,168,2,94,Mask
0181.jpg,80,94,6,36,Mask
0181.jpg,56,74,0,31,Mask
1067.jpg,91,159,0,110,Mask
1016.jpg,46,132,4,82,No Mask
0799.jpg,81,101,58,96,Mask
0605.jpg,142,152,50,70,No Mask
0605.jpg,193,199,84,100,No Mask
0605.jpg,0,6,55,99,Mask
0605.jpg,178,188,88,110,Mask
0605.jpg,62,70,71,89,Mask
0605.jpg,47,53,53,65,Mask
1121.jpg,114,136,53,89,Mask
1121.jpg,83,89,33,41,Mask
0711.jpg,71,123,0,94,Mask
1694.jpg,72,100,0,27,Mask
0285.jpg,46,132,0,57,No Mask
1716.jpg,9,19,51,69,Mask
1716.jpg,41,55,53,79,Mask
1716.jpg,97,113,49,75,Mask
1716.jpg,146,156,92,110,Mask
1716.jpg,174,180,74,82,Mask
1716.jpg,164,170,67,79,Mask
0561.jpg,11,99,0,80,Mask
0937.jpg,75,79,13,19,No Mask
0937.jpg,147,153,44,56,Mask
0937.jpg,62,66,89,97,Mask
0937.jpg,25,31,45,57,Mask
0937.jpg,63,67,8,14,Mask
0937.jpg,65,69,89,97,Mask
0568.jpg,23,105,0,110,Mask
0093.png,163,183,39,73,Mask
0093.png,41,63,63,99,Mask
0093.png,92,122,65,99,Mask
0093.png,25,45,42,80,Mask
0093.png,105,121,29,57,Mask
1511.jpg,63,77,4,28,Mask
0493.jpg,0,107,0,114,Mask
1384.jpg,90,96,25,39,No Mask
1384.jpg,188,194,33,53,Mask
1384.jpg,22,28,24,36,Mask
0053.jpg,57,61,87,95,Mask
0053.jpg,27,31,91,99,Mask
0310.jpg,73,83,12,32,Mask
1034.jpg,11,99,0,79,No Mask
0755.jpg,91,101,33,49,Mask
0417.jpg,0,112,0,91,Mask
1650.jpg,143,149,69,75,Mask
1762.png,59,79,50,82,Mask
0831.jpg,0,112,0,114,Mask
0244.jpg,9,113,0,126,No Mask
1098.jpg,72,92,67,99,Mask
1098.jpg,138,160,47,81,Mask
1098.jpg,108,126,62,92,Mask
1098.jpg,134,150,12,36,Mask
1098.jpg,91,105,19,41,Mask
1098.jpg,112,126,29,51,Mask
1098.jpg,185,205,40,72,Mask
1098.jpg,72,84,41,63,Mask
1098.jpg,123,139,49,73,Mask
1098.jpg,146,174,91,135,Mask
1098.jpg,0,32,42,128,Mask
0590.jpg,116,126,37,53,Mask
0590.jpg,0,4,20,36,Mask
0590.jpg,94,104,35,53,Mask
0590.jpg,56,58,31,35,Mask
0590.jpg,138,140,32,36,Mask
0590.jpg,145,147,32,34,Mask
0682.jpg,17,53,9,71,Mask
0682.jpg,95,123,2,52,Mask
0682.jpg,7,9,61,67,Mask
0284.jpg,0,98,0,91,No Mask
1221.jpg,71,125,0,45,Mask
0760.jpg,89,123,49,113,Mask
0960.jpg,18,48,8,62,Mask
0960.jpg,92,96,57,65,Mask
1039.jpg,55,147,0,113,Mask
0096.png,85,123,0,54,Mask
0556.jpg,51,125,0,110,No Mask
0692.jpg,97,143,6,80,No Mask
1514.jpg,68,106,10,64,Mask
0843.jpg,40,74,23,79,Mask
0382.jpg,19,111,0,108,Mask
1233.jpg,15,47,45,105,Mask
1233.jpg,100,122,33,91,Mask
1309.jpg,0,44,0,106,Mask
1309.jpg,80,132,10,110,Mask
0062.jpg,73,107,25,79,Mask
0210.jpg,54,68,14,46,Mask
0210.jpg,23,37,18,46,Mask
0210.jpg,185,197,69,91,Mask
0210.jpg,107,117,28,54,Mask
1000.jpg,66,108,7,71,Mask
0312.jpg,69,89,38,62,Mask
0312.jpg,125,143,41,65,Mask
0312.jpg,166,174,40,54,Mask
0750.jpg,58,122,0,78,Mask
0046.jpg,102,132,31,87,Mask
1630.jpg,40,118,0,76,No Mask
0508.jpg,125,147,63,105,No Mask
1232.jpg,107,121,18,46,Mask
1593.jpg,92,130,9,91,No Mask
1593.jpg,39,83,24,108,No Mask
1427.jpg,91,109,12,36,Mask
1427.jpg,158,174,35,57,Mask
1427.jpg,55,65,36,50,Mask
1427.jpg,178,192,63,83,Mask
1427.jpg,0,14,37,53,Mask
1626.jpg,54,116,0,96,Mask
0051.jpg,93,109,4,32,Mask
0051.jpg,132,150,13,53,Mask
0051.jpg,73,85,16,40,Mask
0051.jpg,174,198,20,64,Mask
0051.jpg,49,63,16,40,Mask
0051.jpg,50,58,24,40,Mask
0051.jpg,25,33,15,31,Mask
0051.jpg,117,125,13,31,Mask
0733.jpg,0,106,0,114,Mask
0021.jpg,56,64,45,61,Mask
0109.png,106,126,90,118,Mask
0942.jpg,152,168,78,96,Mask
1697.jpg,85,119,21,55,Mask
0699.jpg,187,191,14,20,Mask
0011.jpg,108,128,24,70,No Mask
0011.jpg,51,69,14,52,No Mask
1276.jpg,106,122,30,64,Mask
1276.jpg,150,168,23,65,Mask
1276.jpg,41,57,11,57,Mask
0625.jpg,80,96,2,32,Mask
1744.jpg,32,78,10,48,Mask
1417.jpg,99,127,76,124,Mask
1088.jpg,58,122,6,70,No Mask
0481.jpg,74,128,0,64,Mask
0111.png,69,81,10,38,Mask
0111.png,144,164,16,54,Mask
0111.png,186,198,15,41,No Mask
0111.png,27,45,8,40,Mask
1490.jpg,51,95,0,64,Mask
1334.jpg,0,11,55,81,Mask
1334.jpg,80,104,7,45,Mask
1254.jpg,120,166,67,141,Mask
1254.jpg,18,74,45,111,Mask
1097.jpg,0,117,0,110,No Mask
0296.jpg,66,128,0,100,No Mask
1675.jpg,58,122,0,99,Mask
1058.jpg,3,113,0,130,Mask
0580.jpg,103,117,29,53,Mask
0580.jpg,45,61,8,36,Mask
0580.jpg,155,159,71,77,Mask
0337.jpg,75,123,7,81,Mask
0539.jpg,127,147,47,81,Mask
0539.jpg,62,82,55,89,Mask
0539.jpg,118,136,79,105,Mask
0324.jpg,134,158,35,75,Mask
0324.jpg,50,80,33,63,Mask
0820.jpg,47,105,1,127,Mask
0541.jpg,84,140,26,92,Mask
1275.jpg,46,66,35,67,Mask
1275.jpg,126,146,64,90,Mask
0932.jpg,64,122,0,79,Mask
0502.png,4,110,0,91,Mask
0642.jpg,76,84,46,54,No Mask
0642.jpg,64,70,48,54,Mask
0642.jpg,67,87,75,91,Mask
0642.jpg,199,203,73,77,Mask
0642.jpg,138,140,54,58,Mask
0642.jpg,178,182,71,75,Mask
0828.jpg,138,152,17,45,Mask
0828.jpg,87,99,20,44,Mask
1069.jpg,136,144,52,70,Mask
1069.jpg,176,192,21,49,Mask
1649.jpg,77,121,22,88,Mask
0140.jpg,0,107,19,113,No Mask
0091.jpg,73,125,0,110,Mask
1640.jpg,58,100,0,63,Mask
1046.jpg,137,183,0,64,Mask
1046.jpg,0,29,0,76,Mask
0018.jpg,72,106,0,64,Mask
0352.jpg,107,113,111,125,Mask
1364.jpg,72,114,0,54,Mask
0128.png,25,99,0,81,Mask
1235.jpg,167,173,91,103,No Mask
1235.jpg,24,42,55,85,Mask
1235.jpg,130,136,97,109,Mask
1235.jpg,108,112,107,115,Mask
0495.jpg,75,115,25,97,Mask
1143.jpg,42,100,0,96,Mask
0014.jpg,122,130,33,47,Mask
0014.jpg,67,79,46,72,Mask
0331.jpg,55,123,38,92,No Mask
0116.png,41,117,0,78,Mask
0929.jpg,151,165,0,17,Mask
1559.jpg,101,165,0,110,Mask
1559.jpg,16,72,0,95,Mask
0276.jpg,78,126,0,92,Mask
1028.jpg,28,46,38,82,Mask
1028.jpg,63,97,0,54,Mask
1028.jpg,155,173,64,104,Mask
1193.jpg,4,114,0,96,No Mask
0177.jpg,84,104,34,72,No Mask
0177.jpg,0,18,54,86,No Mask
0177.jpg,173,191,0,26,Mask
1652.jpg,102,160,0,78,Mask
1002.jpg,78,110,11,71,Mask
1552.jpg,23,51,0,54,Mask
1552.jpg,146,172,1,53,Mask
0609.jpg,57,67,35,53,No Mask
0609.jpg,126,136,42,56,Mask
1750.jpg,77,91,28,58,Mask
1750.jpg,168,184,0,24,Mask
1750.jpg,19,33,23,47,Mask
1750.jpg,149,161,15,39,Mask
1750.jpg,131,139,1,21,Mask
1379.jpg,114,130,50,82,Mask
0486.jpg,9,71,9,133,Mask
1386.jpg,158,182,61,113,Mask
1386.jpg,77,87,57,73,No Mask
1386.jpg,143,159,63,93,Mask
1386.jpg,108,116,44,62,No Mask
1386.jpg,120,130,34,52,No Mask
1386.jpg,0,22,28,78,Mask
1386.jpg,93,119,136,184,Mask
1386.jpg,63,89,70,118,Mask
1386.jpg,142,152,39,57,Mask
1386.jpg,176,186,38,58,No Mask
1386.jpg,125,143,72,108,Mask
1386.jpg,163,173,37,53,Mask
1386.jpg,182,200,62,92,Mask
1386.jpg,208,218,37,57,Mask
1386.jpg,92,100,57,71,Mask
1386.jpg,98,116,76,110,Mask
0890.jpg,50,62,7,31,Mask
0890.jpg,140,152,8,32,Mask
0890.jpg,98,106,94,110,Mask
0890.jpg,30,36,19,31,Mask
0890.jpg,169,177,96,108,Mask
0088.png,25,45,86,124,Mask
0088.png,47,61,71,97,Mask
0088.png,143,159,51,83,Mask
0438.jpg,37,45,92,108,Mask
1668.jpg,85,115,0,54,Mask
1668.jpg,57,75,43,71,No Mask
0170.jpg,58,112,0,108,Mask
0814.jpg,20,40,23,55,Mask
0814.jpg,96,100,1,7,Mask
0030.jpg,113,135,39,71,Mask
0030.jpg,72,94,34,58,Mask
0030.jpg,20,40,38,70,Mask
0030.jpg,165,185,34,66,Mask
0542.jpg,55,111,0,96,Mask
1683.jpg,45,61,29,53,Mask
1683.jpg,97,109,98,114,Mask
1683.jpg,159,173,35,49,No Mask
1673.jpg,105,113,43,63,Mask
1673.jpg,77,85,47,65,Mask
1673.jpg,100,108,20,34,Mask
1741.jpg,59,71,28,56,Mask
1741.jpg,128,150,9,45,Mask
0136.jpg,0,111,0,101,No Mask
0426.jpg,148,158,108,126,Mask
0426.jpg,55,67,80,104,Mask
0426.jpg,192,200,123,135,Mask
0426.jpg,0,14,83,109,Mask
0426.jpg,104,118,103,123,Mask
0078.png,46,74,26,56,Mask
0078.png,146,174,50,82,Mask
0701.jpg,180,186,71,81,Mask
0701.jpg,42,48,60,72,Mask
0701.jpg,148,154,73,81,Mask
1368.jpg,47,75,16,64,Mask
1368.jpg,126,154,25,75,Mask
0169.png,44,158,9,149,Mask
0169.png,0,59,0,125,Mask
1078.jpg,84,156,0,79,Mask
1078.jpg,31,81,0,79,Mask
1281.jpg,10,40,22,70,Mask
1281.jpg,76,104,43,89,Mask
0661.jpg,46,140,80,142,Mask
0834.jpg,32,110,14,88,No Mask
0967.jpg,54,104,14,72,Mask
0304.jpg,79,109,0,45,Mask
0233.jpg,30,64,97,157,Mask
0233.jpg,82,102,0,32,No Mask
0233.jpg,64,80,16,40,Mask
0233.jpg,0,7,0,41,Mask
0233.jpg,154,174,61,97,Mask
0233.jpg,115,135,2,40,Mask
0233.jpg,15,39,15,73,Mask
0233.jpg,169,199,96,148,Mask
0233.jpg,83,117,69,113,Mask
0233.jpg,140,158,6,44,No Mask
0233.jpg,43,57,9,39,Mask
1713.jpg,175,181,32,44,Mask
1713.jpg,47,101,0,62,Mask
0068.jpg,0,18,1,55,Mask
0068.jpg,90,118,17,63,Mask
0068.jpg,164,190,35,79,Mask
0068.jpg,173,187,0,22,Mask
0269.jpg,12,126,0,62,No Mask
1012.jpg,33,99,41,149,Mask
1628.jpg,0,112,0,108,Mask
1001.jpg,42,48,32,48,No Mask
1001.jpg,35,41,37,53,No Mask
0595.jpg,71,133,7,55,No Mask
1075.jpg,82,86,112,122,Mask
1075.jpg,143,147,113,121,Mask
1684.jpg,39,99,7,109,Mask
0137.jpg,0,82,0,97,Mask
1589.jpg,0,91,0,79,Mask
0076.jpg,99,115,57,91,Mask
0076.jpg,35,55,46,78,No Mask
0076.jpg,131,149,43,81,Mask
1728.jpg,152,182,93,143,Mask
1374.jpg,48,84,18,74,Mask
1374.jpg,148,192,29,89,Mask
1374.jpg,32,52,10,40,Mask
0422.jpg,80,110,91,149,Mask
1274.jpg,199,207,58,70,Mask
1274.jpg,176,184,43,59,Mask
1274.jpg,20,28,50,62,Mask
1274.jpg,101,117,23,53,Mask
1274.jpg,89,99,54,66,Mask
1274.jpg,134,144,35,51,Mask
1274.jpg,34,42,45,55,Mask
1274.jpg,50,58,56,70,Mask
1274.jpg,161,167,63,71,Mask
1274.jpg,58,66,49,61,Mask
1274.jpg,3,13,51,67,Mask
1274.jpg,56,62,45,53,Mask
1274.jpg,87,91,50,58,Mask
1274.jpg,79,87,61,75,Mask
1274.jpg,212,216,69,75,Mask
0474.png,70,98,38,88,Mask
0509.png,0,93,0,113,Mask
1262.jpg,76,114,0,65,Mask
1262.jpg,163,189,81,143,Mask
1262.jpg,0,13,78,134,Mask
0983.jpg,121,135,75,99,Mask
0983.jpg,184,196,53,79,Mask
0271.jpeg,61,81,16,48,Mask
0271.jpeg,36,58,37,73,Mask
0271.jpeg,129,147,10,38,Mask
0271.jpeg,95,117,35,73,Mask
0271.jpeg,159,175,33,63,Mask
0037.jpg,20,70,12,108,Mask
1419.jpg,95,109,53,77,No Mask
1419.jpg,4,24,37,71,Mask
0726.jpg,15,127,21,125,Mask
0099.png,196,204,47,61,Mask
0099.png,27,41,21,45,Mask
1163.jpg,149,155,168,182,Mask
1286.jpg,43,83,0,63,Mask
1286.jpg,4,28,68,114,Mask
1286.jpg,149,173,92,142,Mask
0236.jpg,15,29,16,46,Mask
0236.jpg,68,78,106,122,No Mask
1223.jpg,80,126,0,96,Mask
0917.jpg,77,107,23,47,Mask
0334.jpg,86,106,65,107,Mask
1341.jpg,128,144,24,54,Mask
1747.jpg,102,110,111,125,Mask
0114.png,138,162,0,46,Mask
0114.png,21,43,68,106,Mask
0217.jpg,70,90,0,26,Mask
0829.jpg,61,69,105,117,Mask
0958.jpg,21,31,54,70,Mask
0958.jpg,125,143,61,93,Mask
0958.jpg,91,99,97,107,Mask
0958.jpg,120,124,67,73,Mask
0958.jpg,197,201,77,83,Mask
0958.jpg,48,52,61,69,No Mask
0958.jpg,90,94,61,69,Mask
1416.jpg,57,75,50,88,Mask
1416.jpg,158,172,71,97,Mask
1416.jpg,7,23,80,110,Mask
1416.jpg,178,208,6,54,Mask
1416.jpg,116,134,47,79,Mask
0940.jpg,110,128,0,39,Mask
0940.jpg,152,162,36,52,Mask
0684.jpg,93,123,38,90,Mask
0684.jpg,53,57,125,131,Mask
1678.jpg,35,97,0,91,No Mask
0129.png,16,110,9,115,Mask
1702.jpg,26,106,0,97,Mask
1568.jpg,0,87,0,81,Mask
1031.jpg,135,149,80,104,Mask
1031.jpg,168,172,61,69,Mask
1031.jpg,45,53,73,87,Mask
1031.jpg,81,87,63,75,Mask
0440.jpg,127,133,115,129,Mask
0440.jpg,108,116,109,123,Mask
1726.jpg,100,120,37,73,Mask
1726.jpg,176,182,53,67,Mask
0515.png,9,165,0,111,Mask
0376.png,0,116,0,144,Mask
0395.jpg,126,156,13,63,Mask
0395.jpg,35,65,61,107,Mask
0908.jpg,144,160,73,99,Mask
0908.jpg,163,169,34,52,Mask
0908.jpg,191,199,60,74,Mask
0908.jpg,131,139,51,65,Mask
1562.jpg,57,109,0,93,Mask
1562.jpg,125,147,53,107,No Mask
0220.jpg,0,98,0,130,Mask
0178.jpg,141,155,74,102,No Mask
0178.jpg,85,99,49,71,No Mask
0178.jpg,176,190,80,108,Mask
0178.jpg,160,166,0,11,Mask
0178.jpg,76,84,44,58,Mask
0178.jpg,68,76,51,65,Mask
1758.jpg,99,127,0,47,Mask
1709.jpg,173,183,58,78,Mask
1709.jpg,37,45,38,54,Mask
1709.jpg,72,82,80,96,No Mask
1709.jpg,145,151,36,54,Mask
1222.jpg,7,93,0,126,No Mask
0412.jpg,93,109,33,63,Mask
0412.jpg,43,63,9,47,Mask
0412.jpg,166,176,10,30,No Mask
1421.jpg,38,60,11,61,Mask
1421.jpg,117,139,33,71,Mask
1421.jpg,177,193,66,98,Mask
0842.jpg,44,96,46,112,Mask
1503.jpg,97,105,71,89,Mask
1592.jpg,105,159,13,127,Mask
0977.jpg,42,92,5,55,Mask
1674.jpg,138,154,49,75,No Mask
1674.jpg,178,186,50,72,Mask
1674.jpg,163,173,46,68,Mask
1674.jpg,193,199,44,62,Mask
1674.jpg,99,117,38,72,Mask
1674.jpg,42,48,44,62,Mask
1674.jpg,208,216,53,69,Mask
0478.jpg,0,107,0,98,No Mask
1189.jpg,163,181,44,72,Mask
1189.jpg,100,114,38,66,Mask
1189.jpg,28,46,36,70,Mask
1189.jpg,0,5,30,48,Mask
1189.jpg,55,65,26,44,Mask
1027.jpg,29,87,0,62,No Mask
1027.jpg,43,47,1,7,Mask
1027.jpg,31,35,0,4,Mask
1705.jpg,116,158,0,63,Mask
1705.jpg,17,45,45,99,Mask
1751.jpg,104,112,71,91,Mask
1751.jpg,156,166,80,100,Mask
1751.jpg,66,74,71,91,Mask
1751.jpg,35,43,75,95,Mask
0630.jpg,129,149,51,79,Mask
1441.jpg,110,118,55,69,Mask
1441.jpg,126,134,49,63,No Mask
1441.jpg,71,93,30,66,Mask
1441.jpg,140,144,53,61,Mask
1441.jpg,55,63,35,51,Mask
1153.jpg,107,125,90,118,Mask
1153.jpg,23,27,177,185,Mask
1153.jpg,131,149,77,107,Mask
1153.jpg,31,35,173,179,Mask
0855.jpg,126,130,97,105,Mask
0788.jpg,95,103,65,83,Mask
0788.jpg,119,127,51,65,Mask
0952.jpg,107,159,10,76,Mask
0952.jpg,43,93,74,132,Mask
0952.jpg,0,30,0,65,No Mask
1773.jpg,25,107,0,65,Mask
0343.jpg,63,111,0,92,Mask
0332.jpg,61,81,48,82,Mask
0332.jpg,25,33,71,85,Mask
0332.jpg,116,126,64,82,Mask
0257.jpg,57,111,0,94,Mask
1017.jpg,158,172,53,71,Mask
1017.jpg,16,26,50,62,Mask
1017.jpg,190,204,51,69,Mask
1017.jpg,75,83,57,69,Mask
1017.jpg,121,129,57,71,Mask
1538.jpg,86,124,0,46,Mask
1538.jpg,125,173,70,138,Mask
1538.jpg,1,59,22,92,Mask
1440.jpg,62,92,21,65,Mask
1440.jpg,211,217,143,155,Mask
1440.jpg,151,169,38,80,Mask
1400.jpg,72,88,59,85,Mask
1400.jpg,189,205,5,31,Mask
1400.jpg,113,125,4,30,Mask
0653.jpg,87,101,57,71,Mask
1504.jpg,71,87,15,45,Mask
1504.jpg,138,164,18,64,Mask
1504.jpg,48,70,34,72,Mask
1260.jpg,59,73,37,65,Mask
1428.jpg,48,64,0,20,Mask
1428.jpg,191,201,35,59,Mask
1428.jpg,157,171,10,36,Mask
1428.jpg,97,111,27,53,Mask
1428.jpg,121,131,38,58,Mask
1602.jpeg,10,44,0,47,Mask
1602.jpeg,113,141,57,107,Mask
0690.jpg,18,88,38,134,Mask
0901.jpeg,48,114,15,113,Mask
0279.jpg,44,62,33,73,Mask
0279.jpg,129,149,20,58,Mask
0279.jpg,80,98,15,55,Mask
0597.jpg,102,156,0,83,No Mask
1306.jpg,72,126,0,78,Mask
0027.jpg,72,104,15,71,Mask
0347.jpg,86,114,27,79,Mask
0347.jpg,3,29,52,108,Mask
0347.jpg,46,66,8,48,Mask
0347.jpg,129,139,34,52,Mask
1453.jpg,51,123,0,60,Mask
1158.jpg,78,106,0,55,Mask
0712.jpg,64,108,3,73,Mask
0403.jpg,41,55,63,91,Mask
0403.jpg,153,169,39,71,Mask
0403.jpg,111,123,39,67,Mask
0403.jpg,73,81,32,50,Mask
0403.jpg,45,53,16,32,Mask
0403.jpg,97,105,20,36,Mask
0127.jpg,73,115,0,107,Mask
1024.jpeg,41,71,15,45,Mask
1266.jpg,29,49,0,38,Mask
1266.jpg,92,108,63,97,Mask
1266.jpg,134,156,4,46,Mask
0530.jpg,142,170,6,54,No Mask
0117.jpg,38,48,50,80,Mask
0117.jpg,127,151,0,54,Mask
1110.jpg,20,106,0,97,Mask
0545.jpg,29,97,12,106,Mask
1108.jpg,123,135,37,73,Mask
1782.jpg,88,156,83,167,Mask
1782.jpg,16,70,0,44,Mask
1657.jpg,80,98,55,97,Mask
1172.jpg,29,81,22,92,Mask
0970.jpg,93,107,31,57,Mask
0970.jpg,52,66,28,54,Mask
0131.jpg,45,81,53,105,Mask
1491.jpg,89,155,0,82,Mask
1643.png,53,95,10,64,Mask
1204.jpg,54,70,21,55,Mask
1204.jpg,147,165,17,49,Mask
1204.jpg,8,16,41,57,Mask
1204.jpg,32,36,37,45,Mask
1204.jpg,39,43,25,31,Mask
0469.jpg,25,105,12,126,Mask
0002.png,76,134,0,128,No Mask
0761.jpg,31,81,0,97,Mask
1495.jpg,103,119,16,44,Mask
1447.jpg,131,147,39,75,Mask
1447.jpg,165,175,61,83,Mask
0634.jpg,18,116,0,112,No Mask
0743.jpg,52,132,28,116,Mask
1362.jpg,73,123,0,111,Mask
1317.jpg,103,117,68,96,Mask
0968.jpg,100,134,23,81,Mask
1154.jpg,1,99,12,110,Mask
0492.jpg,143,163,0,31,Mask
0492.jpg,34,56,16,54,Mask
0492.jpg,97,105,43,57,Mask
1324.jpg,125,167,11,91,Mask
0759.jpg,0,109,0,124,Mask
1573.jpg,33,49,37,65,Mask
1573.jpg,124,134,39,57,Mask
1573.jpg,166,176,42,60,Mask
1573.jpg,105,113,67,79,Mask
0844.jpg,64,74,24,40,Mask
0443.jpg,68,74,23,41,Mask
0443.jpg,72,80,9,21,Mask
0282.jpg,86,120,33,99,Mask
0282.jpg,37,79,51,123,Mask
0282.jpg,116,150,0,64,Mask
0282.jpg,0,62,6,130,Mask
1784.jpg,40,56,54,82,Mask
0965.jpeg,94,104,18,38,Mask
0887.jpg,94,124,47,105,Mask
1420.jpg,144,160,15,57,Mask
1360.jpg,73,91,52,88,Mask
1360.jpg,176,184,32,54,Mask
1360.jpg,89,117,48,106,Mask
1360.jpg,192,204,49,75,Mask
1360.jpg,208,216,40,56,Mask
1360.jpg,125,133,26,44,Mask
1360.jpg,94,100,43,55,Mask
1360.jpg,162,170,32,44,Mask
1360.jpg,57,69,34,62,Mask
1360.jpg,157,169,40,66,Mask
1360.jpg,118,122,30,38,Mask
0636.jpg,122,140,42,74,Mask
0636.jpg,51,81,44,88,Mask
0463.jpg,34,48,24,46,Mask
0463.jpg,68,74,39,53,Mask
0463.jpg,85,99,3,31,Mask
0463.jpg,13,31,36,62,Mask
0005.jpg,35,105,0,73,Mask
0923.jpg,59,117,0,98,No Mask
0904.jpg,203,207,35,45,Mask
0904.jpg,156,172,77,105,Mask
0904.jpg,184,188,67,73,Mask
0904.jpg,123,139,109,121,Mask
1596.jpg,50,66,50,78,No Mask
1596.jpg,16,48,79,139,Mask
0164.jpg,17,55,58,124,Mask
0910.jpg,94,132,0,30,Mask
0193.jpg,65,113,50,110,Mask
1763.jpeg,62,104,29,89,Mask
1763.jpeg,0,25,16,124,Mask
1763.jpeg,154,194,37,93,Mask
1070.png,87,109,0,21,Mask
0685.jpg,13,27,65,93,Mask
0685.jpg,67,81,50,76,Mask
0685.jpg,110,118,68,82,Mask
0685.jpg,132,134,80,84,Mask
0685.jpg,31,37,64,76,Mask
0523.jpg,82,108,43,89,Mask
1167.jpg,104,132,7,63,Mask
1264.jpg,29,105,26,126,Mask
1099.jpg,60,104,8,88,Mask
0806.jpg,0,122,0,93,No Mask
0142.jpg,0,96,33,113,No Mask
0055.jpg,64,108,26,90,Mask
1023.jpg,0,58,1,117,No Mask
1376.jpg,33,37,59,65,Mask
1376.jpg,0,4,70,78,Mask
0394.jpg,151,173,15,53,Mask
0394.jpg,89,111,63,99,Mask
0394.jpg,0,25,36,84,Mask
0404.jpg,91,105,50,76,Mask
0404.jpg,145,161,32,64,Mask
0404.jpg,130,136,53,65,No Mask
0404.jpg,124,138,80,104,Mask
0404.jpg,38,48,89,109,Mask
0404.jpg,63,71,65,77,Mask
0404.jpg,203,209,65,73,Mask
0404.jpg,80,86,67,79,Mask
1140.jpg,114,140,20,70,No Mask
1140.jpg,69,95,3,53,No Mask
1140.jpg,40,70,44,98,Mask
1140.jpg,160,174,33,81,Mask
0500.jpeg,156,170,18,56,No Mask
1096.jpg,0,98,0,62,No Mask
0572.jpg,9,123,0,131,No Mask
0720.jpg,73,83,74,84,Mask
0255.jpg,33,87,0,106,No Mask
0038.jpg,57,65,16,30,Mask
0038.jpg,155,169,19,49,Mask
0038.jpg,92,108,19,45,Mask
0038.jpg,24,30,23,41,Mask
0870.jpg,68,88,26,44,Mask
0870.jpg,133,153,6,32,Mask
1124.jpg,105,127,26,56,Mask
1124.jpg,72,96,8,46,Mask
0543.jpg,83,93,96,112,Mask
0543.jpg,111,119,85,101,Mask
0543.jpg,112,124,79,103,Mask
0588.jpg,65,105,20,96,No Mask
0549.jpg,20,118,10,108,No Mask
1778.jpeg,98,118,0,28,Mask
1586.jpg,68,76,43,55,No Mask
1586.jpg,89,95,23,35,No Mask
1586.jpg,161,165,40,48,Mask
1586.jpg,99,107,32,48,Mask
1586.jpg,168,172,38,48,Mask
1586.jpg,139,147,36,48,Mask
1586.jpg,189,191,39,45,Mask
1586.jpg,120,124,59,65,Mask
0650.jpg,0,64,13,141,Mask
1654.jpg,207,217,147,165,Mask
1654.jpg,85,117,57,123,Mask
1654.jpg,217,221,132,140,Mask
1654.jpg,158,186,132,176,Mask
1654.jpg,0,4,152,160,Mask
1654.jpg,24,50,131,167,Mask
1654.jpg,152,156,133,139,Mask
1654.jpg,193,201,145,161,Mask
1654.jpg,208,216,136,148,Mask
1654.jpg,84,86,148,156,Mask
0781.jpg,10,84,71,151,Mask
0162.jpeg,150,158,66,88,Mask
0162.jpeg,23,31,44,60,Mask
1346.jpg,55,107,14,82,Mask
1482.jpg,105,147,39,115,Mask
1482.jpg,25,65,1,79,Mask
1660.jpg,60,126,0,95,Mask
1138.jpg,2,110,0,93,No Mask
0948.jpg,86,96,88,104,Mask
0948.jpg,52,62,82,96,Mask
0948.jpg,135,143,161,183,Mask
0948.jpg,13,21,37,53,Mask
0930.jpg,28,126,0,94,Mask
0935.jpg,56,78,10,44,No Mask
0935.jpg,126,146,34,70,No Mask
1546.jpg,126,156,5,61,Mask
1546.jpg,15,35,71,107,Mask
1546.jpg,64,84,79,117,Mask
1546.jpg,172,190,59,87,Mask
0608.jpg,126,146,24,42,Mask
0608.jpg,78,96,30,48,Mask
0994.jpg,30,106,0,84,Mask
0713.jpg,79,83,84,92,Mask
1252.jpg,82,112,6,38,Mask
0101.png,38,72,4,52,Mask
0101.png,123,153,10,56,Mask
0101.png,7,37,64,118,Mask
1074.jpeg,148,162,41,65,Mask
1074.jpeg,173,187,36,58,Mask
1074.jpeg,74,82,29,43,Mask
1074.jpeg,48,58,13,27,Mask
0748.jpg,64,116,0,97,Mask
1493.jpg,30,122,31,127,Mask
1735.jpg,36,80,0,77,Mask
1735.jpg,118,156,29,83,Mask
1330.jpg,116,130,37,61,Mask
1330.jpg,54,68,24,52,Mask
0064.jpg,130,140,19,35,Mask
0064.jpg,15,19,48,54,Mask
1477.jpg,28,122,0,99,Mask
0875.jpg,3,31,46,78,Mask
1183.jpg,105,125,69,109,Mask
0416.jpg,133,143,39,57,No Mask
0416.jpg,105,113,50,62,No Mask
0570.png,41,125,0,130,Mask
0001.jpg,51,105,0,94,No Mask
0624.jpg,117,131,109,121,Mask
0624.jpg,79,93,93,109,Mask
0624.jpg,32,40,94,106,Mask
0833.jpg,101,117,33,49,Mask
1402.jpg,80,86,66,78,Mask
1206.jpg,48,64,10,44,Mask
1206.jpg,121,129,31,49,Mask
1206.jpg,90,106,0,15,Mask
1206.jpg,168,180,7,33,Mask
0862.jpg,38,124,0,111,Mask
0339.jpg,115,129,74,100,Mask
1510.jpg,191,199,108,126,Mask
1510.jpg,89,105,32,64,Mask
1510.jpg,3,19,86,116,Mask
1198.jpg,79,89,30,48,Mask
1198.jpg,120,128,39,57,Mask
0015.jpg,54,74,92,132,Mask
1035.jpeg,8,44,34,104,Mask
1035.jpeg,90,138,2,80,Mask
1035.jpeg,79,95,14,48,No Mask
0547.jpg,6,110,0,80,Mask
1251.jpg,44,112,12,112,Mask
0057.jpg,110,128,14,50,Mask
0057.jpg,171,187,32,56,Mask
0057.jpg,200,212,31,53,Mask
0447.jpg,23,95,0,59,No Mask
1218.jpg,103,131,0,46,Mask
0731.jpg,22,112,2,90,Mask
0212.jpg,69,121,0,81,Mask
1794.jpg,77,125,0,94,Mask
1560.jpg,42,124,0,115,Mask
0342.jpg,84,108,65,113,Mask
0863.jpg,92,108,8,32,Mask
0409.jpg,0,112,0,126,Mask
0280.jpg,34,64,22,80,Mask
0280.jpg,145,151,96,110,Mask
0280.jpg,112,116,100,108,Mask
0811.jpg,149,163,105,119,Mask
1155.jpg,0,94,0,72,Mask
0319.jpg,23,93,0,88,No Mask
0808.jpg,85,131,5,65,Mask
1336.jpg,75,105,51,109,No Mask
1336.jpg,32,54,28,64,Mask
1670.jpg,141,159,34,70,Mask
0180.jpg,99,113,0,18,Mask
0180.jpg,25,37,26,56,Mask
0180.jpg,105,121,47,91,Mask
0180.jpg,188,206,24,66,Mask
0695.jpg,151,185,75,141,Mask
0444.jpg,52,58,70,84,Mask
0444.jpg,13,19,70,84,Mask
0444.jpg,147,151,59,67,Mask
0444.jpg,108,118,95,113,No Mask
0444.jpg,131,135,65,71,Mask
0444.jpg,142,152,100,118,Mask
0222.jpg,98,116,2,38,Mask
1087.jpg,140,184,16,56,Mask
0252.jpg,142,176,1,57,Mask
0252.jpg,10,44,7,55,No Mask
0679.jpg,105,115,16,30,Mask
0679.jpg,167,173,40,52,Mask
1399.jpg,65,89,59,97,Mask
1756.png,20,110,10,92,No Mask
0581.jpg,55,73,47,79,Mask
0581.jpg,92,124,47,107,Mask
0581.jpg,158,174,71,107,Mask
0421.jpg,62,132,6,92,Mask
1730.jpg,101,143,9,83,Mask
1730.jpg,90,104,49,73,Mask
1730.jpg,59,65,67,75,Mask
1730.jpg,0,15,61,99,Mask
1730.jpg,67,71,65,71,Mask
1730.jpg,3,9,53,65,Mask
0981.jpeg,0,38,0,62,Mask
0981.jpeg,170,198,51,105,Mask
1125.jpg,142,168,0,36,Mask
1125.jpg,11,31,72,108,Mask
1125.jpg,88,106,66,106,Mask
0524.jpg,83,151,5,79,Mask
1337.jpg,79,95,136,164,Mask
0596.jpg,0,64,35,99,Mask
0321.jpg,120,150,83,117,Mask
0321.jpg,35,73,7,55,Mask
0338.jpg,182,190,16,30,No Mask
0338.jpg,81,89,16,30,Mask
0338.jpg,118,126,19,31,Mask
0338.jpg,139,149,38,54,Mask
0338.jpg,38,48,87,101,No Mask
0338.jpg,80,88,109,121,Mask
1413.jpg,121,157,6,70,Mask
1413.jpg,196,212,78,110,Mask
1413.jpg,99,115,36,74,Mask
1413.jpg,0,5,62,88,Mask
1413.jpg,115,129,34,62,Mask
1413.jpg,39,71,0,29,Mask
0028.jpg,65,71,65,77,Mask
0028.jpg,47,55,59,75,Mask
0028.jpg,88,94,63,75,Mask
0240.jpg,37,81,11,89,Mask
0240.jpg,138,178,38,100,Mask
0206.jpg,70,90,14,56,Mask
0206.jpg,85,109,51,91,Mask
0206.jpg,131,151,0,16,No Mask
1578.jpg,154,164,77,97,Mask
1578.jpg,43,51,67,81,Mask
1578.jpg,104,112,66,84,Mask
1578.jpg,92,100,47,61,Mask
1148.jpg,112,132,65,101,Mask
1148.jpg,68,80,43,67,Mask
1148.jpg,83,101,86,112,Mask
1148.jpg,210,214,87,93,No Mask
1148.jpg,183,187,85,91,Mask
1353.jpg,157,175,40,80,Mask
1353.jpg,94,118,6,54,Mask
1353.jpg,21,39,34,72,Mask
1008.jpg,63,97,21,57,No Mask
0155.jpeg,50,74,29,65,Mask
1553.jpg,37,125,0,96,Mask
1436.jpg,49,69,0,28,Mask
1436.jpg,5,23,0,32,Mask
1436.jpg,190,210,60,98,Mask
1436.jpg,181,199,7,45,Mask
1436.jpg,50,70,64,98,Mask
1436.jpg,84,100,37,75,Mask
1436.jpg,94,122,4,64,Mask
1436.jpg,152,166,54,90,Mask
0900.jpg,41,75,17,71,Mask
0900.jpg,114,144,35,87,Mask
0706.jpg,0,77,17,127,Mask
0518.jpg,54,80,2,54,Mask
0518.jpg,34,44,28,56,Mask
0518.jpg,101,133,4,62,Mask
0518.jpg,164,172,51,71,Mask
0439.jpg,104,112,87,101,Mask
0439.jpg,77,85,84,96,Mask
0439.jpg,128,136,76,92,Mask
0219.jpg,20,114,0,129,No Mask
0058.jpg,123,143,18,54,Mask
0058.jpg,30,44,7,39,Mask
0058.jpg,170,182,0,22,Mask
0058.jpg,59,83,23,55,Mask
0802.jpg,29,123,10,110,Mask
0020.jpg,131,175,0,72,Mask
0020.jpg,51,115,34,114,Mask
0973.jpg,89,97,75,87,Mask
1006.jpg,155,173,30,62,Mask
1006.jpg,89,105,11,43,Mask
1638.jpg,15,33,7,41,Mask
1638.jpg,71,121,20,114,Mask
1638.jpg,87,105,16,48,Mask
0146.jpg,23,107,19,99,No Mask
0340.jpg,85,99,129,153,Mask
0172.jpg,38,88,0,99,Mask
0455.jpg,56,108,39,105,No Mask
1159.jpg,0,91,0,61,Mask
0717.jpg,37,53,10,48,Mask
0097.png,41,107,0,100,Mask
0113.jpg,71,109,28,82,Mask
0918.jpg,56,76,28,82,Mask
0918.jpg,190,206,3,41,Mask
0918.jpg,125,143,39,79,Mask
0918.jpg,158,166,45,61,Mask
0261.jpg,63,105,35,105,Mask
1166.jpg,50,114,0,91,Mask
1501.jpg,105,121,98,114,Mask
0553.jpg,25,97,0,60,No Mask
0323.jpg,0,97,0,96,Mask
0458.jpg,53,123,0,96,No Mask
0511.jpg,12,58,22,104,No Mask
0511.jpg,85,139,14,108,No Mask
1722.jpg,0,64,0,71,Mask
0864.jpg,50,100,18,90,Mask
1448.jpg,122,126,44,52,Mask
1448.jpg,20,22,55,59,Mask
1052.jpg,24,104,0,82,No Mask
1300.jpg,2,110,8,112,Mask
1472.jpg,97,115,23,57,Mask
1754.jpg,89,113,0,20,Mask
1043.jpg,166,186,12,48,Mask
1043.jpg,97,103,49,61,Mask
1101.jpg,79,133,0,111,Mask
1101.jpg,31,77,21,149,Mask
1707.jpg,114,122,26,40,Mask
0307.jpeg,25,87,0,123,No Mask
1080.jpg,0,60,5,83,No Mask
1080.jpg,117,135,8,22,Mask
1397.jpg,68,82,9,39,Mask
1397.jpg,104,118,14,44,Mask
1397.jpg,1,15,41,75,Mask
1397.jpg,35,53,135,167,Mask
1397.jpg,136,154,32,66,Mask
1397.jpg,158,184,101,149,Mask
0847.jpg,80,102,40,80,Mask
1144.jpg,108,148,2,72,Mask
1144.jpg,32,70,1,81,Mask
1132.jpg,52,124,0,99,Mask
1507.jpg,111,121,0,22,Mask
1507.jpg,98,112,62,86,Mask
1669.jpg,61,107,0,90,Mask
1437.jpg,178,190,35,63,Mask
1437.jpg,101,113,44,70,Mask
1437.jpg,60,74,39,63,Mask
1437.jpg,156,166,51,67,Mask
1437.jpg,127,133,26,38,Mask
1437.jpg,0,14,36,66,Mask
1437.jpg,36,54,13,53,Mask
1437.jpg,155,163,14,28,Mask
1437.jpg,35,43,15,31,Mask
1437.jpg,139,147,33,49,Mask
1437.jpg,141,145,17,23,Mask
1437.jpg,175,181,27,41,Mask
1382.jpg,90,106,14,56,Mask
1310.jpg,120,132,25,53,No Mask
1310.jpg,97,113,26,62,Mask
1310.jpg,151,169,10,46,Mask
1310.jpg,192,210,11,45,Mask
1310.jpg,5,25,50,90,Mask
1310.jpg,70,84,22,48,Mask
1310.jpg,34,48,22,54,Mask
1217.jpg,123,131,62,78,Mask
1689.jpg,57,105,40,96,Mask
1095.jpg,0,113,0,109,Mask
1742.jpg,13,45,38,98,Mask
0551.jpg,66,106,43,123,No Mask
0810.jpg,0,41,36,126,Mask
0810.jpg,97,157,61,117,Mask
1022.jpg,34,84,23,73,Mask
0934.png,6,126,0,61,Mask
0587.jpg,106,126,0,39,No Mask
1496.jpg,133,147,47,67,Mask
1496.jpg,18,44,96,142,Mask
1496.jpg,139,157,68,100,Mask
1496.jpg,67,101,118,176,Mask
1496.jpg,162,176,64,88,Mask
1496.jpg,173,179,20,30,Mask
1424.jpg,43,97,0,78,Mask
0325.jpg,90,124,21,81,Mask
0513.jpg,0,70,0,114,No Mask
1771.jpg,110,134,34,58,Mask
0065.jpg,38,46,69,83,Mask
0065.jpg,68,76,64,78,No Mask
0065.jpg,129,133,29,37,Mask
0065.jpg,165,185,19,53,Mask
0065.jpg,19,29,71,87,Mask
0065.jpg,81,87,67,79,Mask
0065.jpg,95,99,66,76,Mask
0065.jpg,161,165,60,70,Mask
1182.jpg,0,112,0,79,Mask
0976.jpg,0,97,0,90,Mask
1731.jpg,28,110,0,65,Mask
0670.jpg,59,71,12,40,Mask
0670.jpg,165,179,44,68,Mask
0670.jpg,100,114,21,47,Mask
1752.jpg,128,136,94,112,Mask
1752.jpg,60,72,0,19,Mask
0668.jpg,34,44,41,53,Mask
0535.jpg,199,211,106,130,Mask
0639.jpg,0,81,0,61,Mask
0548.jpg,143,171,62,98,Mask
0727.jpg,4,94,0,93,Mask
1345.jpg,88,104,50,82,Mask
1307.jpg,131,153,75,109,Mask
1307.jpg,79,115,27,81,Mask
0860.jpg,106,114,55,71,Mask
0860.jpg,39,47,64,78,Mask
0860.jpg,54,58,72,78,Mask
0479.jpg,56,158,0,98,No Mask
0479.jpg,37,79,57,149,No Mask
1785.jpg,87,135,0,81,Mask
1785.jpg,51,71,47,81,Mask
1486.jpg,54,90,15,79,Mask
0719.jpg,79,107,26,70,Mask
1242.jpeg,104,140,0,54,Mask
1122.jpg,39,61,70,106,Mask
1122.jpg,87,115,79,113,No Mask
1122.jpg,189,193,40,48,Mask
1122.jpg,80,84,45,53,Mask
0622.jpg,160,170,79,95,Mask
1032.jpg,66,122,22,144,Mask
1200.jpg,85,159,0,96,Mask
1200.jpg,0,58,6,114,Mask
1561.jpg,47,139,0,112,No Mask
1451.jpeg,63,79,16,48,Mask
0446.jpg,78,134,19,123,No Mask
0771.jpg,80,108,33,65,Mask
0341.jpg,99,113,34,58,Mask
1294.jpg,117,175,0,62,No Mask
0705.jpg,64,88,45,71,Mask
0311.jpeg,0,110,0,79,No Mask
0872.jpg,138,168,0,37,Mask
0872.jpg,45,53,15,27,Mask
0232.jpg,126,144,19,45,No Mask
1083.jpg,0,99,0,79,Mask
1268.jpg,138,164,2,46,Mask
0152.jpg,74,92,85,125,Mask
0152.jpg,218,220,130,138,Mask
0152.jpg,141,145,139,147,Mask
0152.jpg,157,159,130,138,Mask
0152.jpg,0,1,130,136,Mask
0152.jpg,60,62,134,138,Mask
1488.jpg,0,112,0,80,Mask
0200.jpg,12,110,0,99,Mask
0869.jpg,102,106,114,122,Mask
1123.jpg,142,158,32,62,Mask
1123.jpg,115,117,23,27,Mask
0656.jpg,129,157,0,29,Mask
1173.jpg,14,72,0,90,Mask
0582.jpg,20,128,10,142,Mask
0192.jpg,37,107,2,66,No Mask
1712.png,174,202,52,108,Mask
1712.png,88,112,78,126,Mask
1712.png,0,14,11,73,Mask
0072.jpg,102,122,34,74,Mask
0072.jpg,99,107,23,39,Mask
0072.jpg,67,91,82,130,Mask
0072.jpg,143,169,51,99,Mask
0072.jpg,30,54,60,110,Mask
1120.jpg,55,71,16,48,Mask
1120.jpg,173,187,22,48,Mask
1120.jpg,77,95,40,74,Mask
1139.jpg,94,112,45,81,Mask
0589.jpg,80,156,9,97,No Mask
1667.jpg,111,127,84,116,Mask
1021.jpg,45,89,10,82,Mask
0369.jpg,105,113,59,73,Mask
1373.jpg,19,57,14,72,Mask
1373.jpg,107,133,24,70,Mask
1373.jpg,131,145,4,28,Mask
1372.jpg,135,151,62,96,Mask
0411.jpg,73,109,34,98,Mask
0411.jpg,154,182,36,88,Mask
0017.jpg,97,109,4,28,Mask
0998.jpg,79,141,0,96,Mask
0309.jpg,14,106,0,111,Mask
0517.jpeg,72,104,44,106,No Mask
0517.jpeg,133,175,0,64,Mask
0517.jpeg,10,36,66,114,Mask
0517.jpeg,107,133,72,122,No Mask
0049.jpg,51,69,37,79,Mask
1412.jpg,106,118,12,32,Mask
1412.jpg,142,150,30,44,Mask
1412.jpg,63,69,16,28,Mask
1412.jpg,140,144,19,27,Mask
1412.jpg,55,57,20,28,Mask
0783.jpg,30,36,61,71,Mask
0783.jpg,8,14,59,67,Mask
0783.jpg,19,23,63,71,No Mask
0783.jpg,199,207,50,62,Mask
0783.jpg,171,179,46,56,Mask
0783.jpg,187,191,54,62,Mask
1393.jpg,160,178,0,39,Mask
1393.jpg,99,121,42,80,Mask
1393.jpg,0,26,8,64,Mask
1745.jpg,94,110,70,100,Mask
1745.jpg,59,73,70,98,Mask
1745.jpg,65,73,79,95,No Mask
1224.jpg,74,130,24,80,Mask
1651.jpg,133,147,2,26,No Mask
1605.jpg,42,132,0,80,No Mask
1068.png,25,123,0,114,Mask
0651.jpg,67,83,22,48,Mask
0477.jpg,0,94,0,106,No Mask
0429.jpg,81,109,14,64,Mask
0429.jpg,182,192,36,62,Mask
0383.jpg,36,64,19,73,Mask
0383.jpg,126,142,27,57,Mask
0383.jpg,165,179,45,69,Mask
0383.jpg,111,117,27,45,Mask
0383.jpg,170,176,29,41,Mask
1613.jpg,53,117,0,82,Mask
1434.jpg,101,115,22,44,Mask
1434.jpg,143,151,25,43,Mask
1434.jpg,24,36,3,27,Mask
1518.jpg,52,108,6,130,Mask
1371.jpg,86,106,58,100,Mask
0667.jpg,101,109,73,83,Mask
1378.jpg,52,110,3,111,Mask
1230.jpg,85,121,51,125,Mask
1168.jpg,28,94,0,133,Mask
1168.jpg,157,181,0,37,Mask
1366.jpg,106,136,27,97,Mask
1790.jpg,33,115,0,126,Mask
0564.jpg,0,20,11,61,Mask
0564.jpg,42,64,22,72,Mask
0564.jpg,99,121,9,57,Mask
0564.jpg,166,186,10,64,Mask
1718.jpg,126,142,36,66,Mask
1718.jpg,60,70,72,90,Mask
1718.jpg,11,17,78,90,Mask
1718.jpg,83,101,80,106,Mask
1131.jpg,72,128,21,113,Mask
1131.jpg,30,80,0,82,Mask
0704.jpg,170,188,8,44,Mask
0704.jpg,95,113,0,36,Mask
1071.jpg,64,130,0,97,Mask
0461.jpg,55,141,0,92,No Mask
1603.jpg,122,158,22,90,Mask
1603.jpg,52,88,6,72,Mask
0592.jpg,91,157,0,90,Mask
0182.jpg,83,91,61,75,No Mask
0532.jpg,0,73,0,65,No Mask
0532.jpg,80,150,4,74,No Mask
0716.jpg,36,44,7,27,Mask
1299.jpg,48,64,51,81,No Mask
1299.jpg,170,180,51,69,Mask
1106.jpg,29,91,0,92,Mask
1323.jpg,80,124,43,113,Mask
0357.jpg,116,142,0,36,Mask
0357.jpg,59,77,90,122,Mask
0289.jpg,8,90,0,89,No Mask
0385.jpg,40,98,0,77,Mask
1576.jpg,0,81,0,94,Mask
1380.jpg,73,89,0,28,Mask
0951.jpg,28,132,0,94,Mask
0858.jpg,54,74,22,58,Mask
0263.jpg,111,133,0,45,Mask
0263.jpg,27,47,65,107,Mask
0263.jpg,155,167,21,47,No Mask
1066.jpg,0,97,0,90,Mask
1383.jpg,11,109,0,100,Mask
0267.jpg,23,81,0,78,Mask
0147.jpg,41,123,24,110,No Mask
0330.jpg,34,92,19,89,No Mask
0330.jpg,27,35,36,48,No Mask
0122.jpeg,185,197,81,103,Mask
0122.jpeg,159,169,90,110,Mask
0122.jpeg,66,70,127,133,Mask
0060.jpg,210,218,13,31,Mask
0060.jpg,55,65,49,65,Mask
0060.jpg,105,121,41,65,Mask
0060.jpg,112,122,11,23,Mask
1571.jpg,45,91,6,114,Mask
1176.jpg,9,75,35,143,No Mask
0418.jpg,25,99,0,110,Mask
1296.jpg,125,181,0,77,Mask
1296.jpg,0,39,0,82,Mask
1296.jpg,124,132,56,70,Mask
1296.jpg,75,83,53,67,Mask
1197.jpg,65,83,45,81,Mask
1197.jpg,103,109,99,113,Mask
1197.jpg,38,48,140,156,Mask
1197.jpg,46,50,81,87,Mask
1725.jpg,13,35,6,54,No Mask
1725.jpg,104,126,24,82,Mask
1725.jpg,4,30,67,125,No Mask
1725.jpg,171,193,72,134,No Mask
1725.jpg,34,52,57,101,No Mask
1725.jpg,93,107,44,82,Mask
1792.jpeg,34,108,13,111,Mask
0673.jpg,52,74,59,75,Mask
0022.jpg,181,199,63,89,Mask
0022.jpg,98,134,56,114,Mask
0022.jpg,88,92,77,83,Mask
1612.jpg,0,73,0,99,Mask
1612.jpg,135,191,0,83,Mask
0846.jpg,32,70,66,132,Mask
1468.jpeg,179,195,21,57,Mask
1468.jpeg,20,40,7,45,Mask
1468.jpeg,99,113,47,71,Mask
0069.jpg,44,110,0,108,Mask
0069.jpg,150,182,41,89,Mask
1653.jpg,87,141,0,99,Mask
1653.jpg,30,74,42,140,Mask
0374.jpg,0,107,0,113,No Mask
0398.jpg,69,87,44,74,Mask
0398.jpg,160,174,3,27,Mask
0398.jpg,145,155,16,36,No Mask
1708.jpg,13,31,21,55,Mask
1708.jpg,149,167,39,73,Mask
1708.jpg,56,70,6,32,Mask
1708.jpg,37,49,25,49,Mask
1708.jpg,107,127,15,55,Mask
1708.jpg,69,83,35,73,Mask
1708.jpg,167,191,9,57,Mask
1774.jpg,141,177,13,87,No Mask
0777.jpg,68,130,0,114,Mask
1492.jpg,6,110,0,61,No Mask
1558.png,51,95,0,75,Mask
0211.jpg,13,109,0,97,Mask
0801.jpg,83,109,139,165,Mask
1014.jpg,69,109,23,63,Mask
0154.jpg,118,148,0,46,Mask
0552.jpg,93,133,0,87,No Mask
0145.jpg,26,116,0,93,No Mask
1617.jpg,61,77,34,60,Mask
1617.jpg,146,156,110,132,Mask
1617.jpg,175,185,95,117,Mask
1062.jpg,132,140,40,58,Mask
1062.jpg,167,181,13,37,Mask
1062.jpg,81,89,45,59,Mask
1062.jpg,98,104,84,96,Mask
1387.jpg,96,114,83,125,Mask
1551.jpg,71,101,30,80,Mask
1292.jpg,69,101,6,64,Mask
1693.jpg,5,111,10,96,Mask
0355.jpeg,75,107,4,64,Mask
1533.jpg,55,81,28,82,Mask
0104.png,88,140,0,60,Mask
0135.jpg,0,112,32,116,No Mask
1777.jpg,16,72,0,82,Mask
1777.jpg,104,166,0,96,Mask
1261.jpg,108,136,18,64,Mask
0644.jpg,58,104,27,89,Mask
0490.jpg,82,138,0,95,No Mask
1753.jpg,11,19,84,98,Mask
1753.jpg,93,107,34,56,Mask
1753.jpg,195,207,39,63,Mask
1753.jpg,63,67,105,113,Mask
1753.jpg,164,172,77,91,Mask
1753.jpg,31,35,104,112,Mask
1753.jpg,139,141,110,114,Mask
1633.jpg,0,31,0,55,Mask
0205.jpg,78,118,23,71,Mask
0738.jpg,142,160,31,61,Mask
1270.jpg,98,112,57,83,Mask
1270.jpg,86,92,46,58,Mask
1270.jpg,80,84,35,41,Mask
1270.jpg,140,156,35,67,Mask
1270.jpg,79,81,25,29,Mask
0505.jpg,56,108,44,98,Mask
0616.jpg,112,130,23,39,Mask
0646.jpg,64,122,6,74,Mask
1181.jpg,116,134,30,62,Mask
1181.jpg,70,78,78,96,No Mask
0378.jpg,119,141,0,50,No Mask
0378.jpg,65,87,0,46,Mask
0039.jpg,21,41,11,47,Mask
0039.jpg,136,156,26,56,Mask
0888.jpg,17,107,0,125,Mask
0993.jpg,141,153,81,97,Mask
0993.jpg,68,78,76,92,Mask
1620.jpg,62,102,17,89,Mask
1278.jpg,67,107,12,70,Mask
1191.jpg,54,96,18,60,Mask
1177.jpg,116,180,0,62,Mask
1177.jpg,1,59,28,94,Mask
1506.jpg,64,114,0,80,Mask
1506.jpg,35,47,55,87,Mask
0593.jpeg,112,134,0,45,Mask
0593.jpeg,57,71,7,47,Mask
1536.jpg,50,130,6,80,Mask
1192.jpg,84,158,6,130,Mask
1192.jpg,12,72,0,94,Mask
0916.jpg,0,22,1,45,Mask
0916.jpg,192,210,27,55,Mask
0718.jpg,69,93,2,26,Mask
0718.jpg,146,166,5,31,Mask
1063.jpg,56,96,27,97,Mask
1063.jpg,132,164,7,63,Mask
1063.jpg,58,84,0,44,Mask
0471.jpg,133,145,1,23,Mask
0471.jpg,42,50,6,22,Mask
0302.jpg,105,127,29,65,Mask
1077.jpg,131,159,33,71,Mask
0861.jpg,75,83,33,47,Mask
0861.jpg,43,51,42,58,Mask
1632.jpg,119,155,0,53,Mask
1632.jpg,45,71,31,87,Mask
0555.jpg,94,144,0,48,No Mask
1799.jpg,123,139,66,90,Mask
1799.jpg,153,171,25,53,Mask
1799.jpg,55,75,70,106,Mask
1442.jpg,71,91,28,70,Mask
1442.jpg,109,127,43,75,Mask
1174.jpg,74,108,70,98,Mask
1165.jpg,7,101,8,80,No Mask
0620.jpg,46,52,98,110,Mask
0620.jpg,93,99,90,100,Mask
0260.jpg,49,115,0,91,Mask
0260.jpg,173,207,49,133,Mask
0260.jpg,80,114,0,81,Mask
1563.jpg,54,70,19,49,Mask
1563.jpg,151,169,28,62,No Mask
1563.jpg,90,106,24,52,No Mask
1563.jpg,180,186,34,50,Mask
1563.jpg,14,20,15,31,Mask
1563.jpg,144,148,44,52,Mask
1563.jpg,32,40,29,43,Mask
1563.jpg,126,130,45,53,Mask
1563.jpg,146,150,45,53,Mask
1410.jpg,93,111,74,108,Mask
1161.jpg,75,91,63,97,Mask
1161.jpg,155,161,90,106,Mask
1161.jpg,8,12,120,128,Mask
0696.jpg,15,53,26,92,No Mask
0379.jpg,76,120,78,148,Mask
0379.jpg,128,170,80,134,Mask
1093.jpg,0,20,104,176,No Mask
1093.jpg,163,195,95,149,Mask
1093.jpg,21,47,4,54,Mask
1093.jpg,127,151,0,31,Mask
1093.jpg,42,78,36,106,Mask
1093.jpg,80,124,62,132,Mask
1093.jpg,17,35,60,96,Mask
0565.jpg,48,100,0,91,Mask
0291.jpg,37,87,0,106,No Mask
0442.jpg,31,109,32,126,Mask
1201.jpg,0,54,0,109,Mask
1256.jpg,83,99,90,118,Mask
0657.jpg,28,124,0,89,Mask
1557.jpg,10,54,28,98,Mask
1557.jpg,113,139,66,116,Mask
1550.jpg,78,86,68,88,Mask
1550.jpg,14,22,123,139,Mask
1550.jpg,121,127,69,87,Mask
1550.jpg,184,186,91,95,Mask
1550.jpg,190,194,89,95,Mask
1550.jpg,152,158,83,97,Mask
1550.jpg,204,206,92,96,Mask
1550.jpg,174,176,84,90,Mask
1550.jpg,216,218,92,96,Mask
0824.jpg,110,160,34,96,Mask
0824.jpg,61,85,0,45,Mask
1255.jpg,85,121,21,79,Mask
1614.png,97,115,40,80,Mask
0691.jpg,105,127,94,128,Mask
1572.jpg,1,127,0,92,No Mask
0680.jpg,126,168,6,98,Mask
1090.jpg,123,133,21,45,Mask
1090.jpg,53,65,20,42,Mask
1090.jpg,26,38,35,57,Mask
1090.jpg,176,188,0,23,Mask
1090.jpg,150,160,39,57,Mask
1090.jpg,90,98,17,35,Mask
1090.jpg,97,105,38,54,Mask
0033.jpg,71,99,31,79,Mask
1298.jpg,28,88,0,91,Mask
1703.jpg,45,99,61,117,Mask
1703.jpg,131,157,50,78,No Mask
1703.jpg,0,19,0,56,No Mask
1703.jpg,0,22,75,127,No Mask
1703.jpg,135,187,62,128,Mask
1703.jpg,27,55,57,83,Mask
1091.jpg,0,60,45,159,Mask
1091.jpg,91,165,0,63,Mask
1237.jpg,125,181,0,75,Mask
1237.jpg,0,59,0,80,Mask
0915.jpg,85,157,0,91,Mask
0522.jpg,55,117,27,77,No Mask
0961.jpg,12,20,53,67,No Mask
0961.jpg,109,125,38,72,Mask
0961.jpg,120,138,41,81,Mask
0961.jpg,65,73,5,21,Mask
0107.png,155,181,30,64,Mask
0036.jpg,48,62,29,57,Mask
0036.jpg,38,44,39,51,Mask
0036.jpg,82,90,37,53,Mask
0410.jpg,111,139,26,70,Mask
0410.jpg,37,57,48,84,Mask
0794.jpg,152,164,0,27,Mask
0794.jpg,117,125,82,100,Mask
1135.jpg,7,79,0,125,Mask
0318.jpg,71,99,85,115,Mask
0576.jpg,91,149,0,58,No Mask
0445.jpg,78,116,79,141,Mask
0225.jpg,40,114,0,99,No Mask
0007.jpg,139,153,56,70,Mask
0007.jpg,16,32,31,55,Mask
0007.jpg,118,126,33,45,Mask
0007.jpg,96,106,86,102,Mask
0007.jpg,60,70,28,40,Mask
0007.jpg,183,193,26,40,Mask
0007.jpg,203,215,48,74,Mask
0007.jpg,30,58,104,126,Mask
0827.jpg,171,181,29,47,Mask
0827.jpg,138,154,11,33,Mask
0749.jpg,48,70,50,86,Mask
0143.jpg,42,124,30,106,No Mask
0681.jpg,147,165,12,46,Mask
0681.jpg,87,103,9,39,Mask
0507.jpg,44,118,2,124,No Mask
0327.jpg,16,82,0,78,Mask
0466.jpg,41,93,7,113,Mask
0283.jpg,189,203,35,65,Mask
0283.jpg,19,35,39,73,Mask
0283.jpg,67,83,1,45,Mask
1041.jpg,2,92,14,116,Mask
1057.jpg,91,113,29,63,Mask
1502.jpg,119,143,0,37,Mask
1283.jpg,62,116,8,108,Mask
0044.jpg,119,135,58,84,Mask
0044.jpg,163,171,46,62,Mask
0044.jpg,149,157,47,61,Mask
0044.jpg,48,56,45,59,Mask
0044.jpg,0,15,63,95,Mask
0044.jpg,0,5,33,57,No Mask
0044.jpg,85,103,42,70,Mask
0044.jpg,64,72,55,69,Mask
0044.jpg,115,119,48,56,Mask
0044.jpg,188,196,40,52,Mask
0044.jpg,78,88,57,73,Mask
1107.jpg,17,115,0,111,Mask
1250.jpg,38,92,8,110,Mask
1580.jpg,113,133,85,123,Mask
0214.jpg,42,58,42,70,Mask
0214.jpg,134,150,56,84,Mask
0606.jpg,45,107,0,94,Mask
1104.jpg,97,151,0,56,Mask
0480.jpg,90,112,30,70,No Mask
0874.jpg,73,87,47,71,Mask
1738.jpg,100,128,2,64,Mask
1208.jpg,0,57,0,111,Mask
1127.jpg,45,77,38,96,No Mask
1349.jpg,105,125,31,65,Mask
0197.png,24,108,0,110,Mask
0982.jpg,132,148,8,38,Mask
0982.jpg,23,39,15,49,Mask
0201.jpg,66,116,0,114,Mask
0452.jpg,83,105,64,104,Mask
0452.jpg,49,57,0,15,Mask
0452.jpg,22,30,0,11,Mask
1403.jpg,27,57,42,104,Mask
1403.jpg,199,207,34,50,Mask
1403.jpg,128,140,31,53,Mask
1403.jpg,13,19,27,39,Mask
1403.jpg,100,104,37,47,Mask
1403.jpg,62,66,50,58,Mask
1403.jpg,185,191,33,47,Mask
1666.jpg,88,96,66,82,Mask
1666.jpg,114,124,56,74,Mask
1666.jpg,65,73,68,84,Mask
0725.jpg,51,107,3,113,Mask
0725.jpg,56,106,53,97,Mask
0617.jpg,129,135,24,40,Mask
0103.png,48,70,9,45,Mask
1484.jpg,55,75,20,62,Mask
0797.jpg,33,87,0,88,Mask
0041.jpg,89,105,79,103,Mask
0041.jpg,142,148,93,105,Mask
0041.jpg,44,58,75,87,Mask
0041.jpg,85,91,58,70,Mask
0041.jpg,154,164,115,129,Mask
1748.jpg,31,47,5,37,Mask
1748.jpg,175,191,40,66,Mask
1352.jpg,81,91,59,73,No Mask
1352.jpg,67,75,41,55,Mask
1352.jpg,90,100,34,50,No Mask
1352.jpg,196,206,54,68,Mask
1352.jpg,26,36,36,50,No Mask
1352.jpg,25,35,57,71,Mask
1352.jpg,130,138,37,51,Mask
1352.jpg,131,139,53,67,Mask
0303.jpg,57,83,41,99,Mask
0303.jpg,96,116,52,90,Mask
0025.jpg,7,21,26,54,Mask
0025.jpg,86,106,31,71,Mask
0025.jpg,56,74,2,28,Mask
0025.jpg,152,170,56,92,Mask
0025.jpg,53,69,104,134,Mask
1430.jpg,0,80,0,100,Mask
1395.jpg,113,147,2,80,Mask
1769.jpg,45,115,0,96,Mask
1769.jpg,7,53,92,158,Mask
1662.jpg,64,80,64,90,Mask
1662.jpg,4,22,53,83,Mask
1662.jpg,179,199,48,80,Mask
1662.jpg,158,164,60,74,Mask
1662.jpg,112,118,55,69,No Mask
1662.jpg,118,132,60,88,Mask
1369.jpg,86,134,0,95,Mask
0640.jpg,107,131,19,41,Mask
0629.jpg,90,122,55,99,Mask
0936.jpg,22,82,25,77,Mask
0095.png,118,144,30,64,Mask
1635.jpg,106,152,2,74,Mask
0171.jpg,41,83,0,71,Mask
0984.jpg,37,49,69,97,Mask
0975.jpg,0,41,3,115,Mask
0975.jpg,69,145,0,81,Mask
0322.jpg,129,139,10,28,Mask
1721.jpg,72,132,27,81,Mask
1665.jpg,128,156,0,54,Mask
0473.png,51,103,0,53,Mask
1103.png,56,106,39,93,Mask
0460.jpg,148,158,56,74,Mask
0460.jpg,75,85,57,79,Mask
0297.jpg,4,38,10,72,Mask
0654.jpg,144,160,34,50,Mask
0654.jpg,101,111,59,71,Mask
1094.jpg,109,121,9,35,Mask
1094.jpg,71,81,1,27,Mask
0234.jpg,89,123,26,90,Mask
0234.jpg,44,78,31,97,Mask
1280.jpg,31,115,0,74,No Mask
1284.jpeg,98,130,6,48,Mask
0601.jpg,4,20,87,113,Mask
0601.jpg,94,112,91,123,Mask
0601.jpg,110,126,128,160,Mask
0601.jpg,111,125,107,133,Mask
0601.jpg,205,217,116,142,Mask
0351.jpg,174,182,140,152,Mask
0351.jpg,142,148,146,158,Mask
0351.jpg,61,75,53,81,Mask
1004.jpg,123,161,10,90,Mask
1004.jpg,51,73,59,105,Mask
0392.jpg,0,7,44,60,Mask
0392.jpg,120,134,67,99,Mask
0392.jpg,65,73,38,52,Mask
0669.jpg,46,98,8,128,Mask
0384.jpg,18,112,0,108,Mask
0780.jpg,29,125,0,91,Mask
0242.jpg,33,47,127,153,Mask
0242.jpg,103,121,122,152,Mask
1164.jpg,96,118,22,54,Mask
1164.jpg,48,82,39,75,Mask
1164.jpg,136,156,0,32,Mask
0124.jpeg,55,75,17,57,Mask
0124.jpeg,131,151,3,45,Mask
0144.jpg,48,106,0,56,No Mask
0349.jpg,66,96,24,80,Mask
1003.jpg,195,203,124,138,Mask
1003.jpg,137,145,133,147,Mask
1003.jpg,168,176,119,135,Mask
1003.jpg,107,113,133,145,Mask
0924.jpg,94,112,30,64,Mask
0689.jpg,105,111,55,69,Mask
0689.jpg,23,31,54,66,Mask
0689.jpg,43,49,50,66,Mask
0689.jpg,159,165,61,75,Mask
0689.jpg,136,142,48,62,Mask
0689.jpg,193,199,58,70,Mask
0922.jpg,104,180,0,54,No Mask
1297.jpg,59,105,0,61,Mask
0693.jpg,67,109,0,63,Mask
0071.jpg,154,168,12,40,Mask
1761.jpg,73,87,37,71,Mask
1800.jpg,111,139,64,124,Mask
0273.jpg,67,117,0,93,Mask
1405.jpg,73,167,2,108,Mask
1405.jpg,0,46,0,94,No Mask
1291.jpg,63,113,0,62,Mask
1081.jpg,76,130,0,95,No Mask
0537.jpg,76,100,6,62,No Mask
1767.jpg,0,44,0,45,Mask
1767.jpg,62,164,14,144,Mask
1494.jpg,19,91,0,63,Mask
0183.jpg,125,141,8,44,Mask
0083.jpg,75,107,0,56,Mask
0083.jpg,21,53,11,73,Mask
0365.jpg,10,76,0,110,Mask
0365.jpg,160,186,58,88,Mask
1749.jpg,83,105,41,91,Mask
1452.jpg,151,181,0,40,Mask
1452.jpg,104,132,12,62,Mask
1452.jpg,83,95,13,37,No Mask
1452.jpg,29,45,57,89,Mask
1452.jpg,0,27,45,89,Mask
1452.jpg,193,203,29,49,Mask
1452.jpg,204,212,51,65,Mask
0281.jpg,84,114,21,79,Mask
0281.jpg,0,14,2,36,Mask
0281.jpg,154,168,50,72,Mask
0978.jpg,10,62,12,80,Mask
0978.jpg,105,161,62,114,Mask
0550.jpg,79,145,0,82,No Mask
1621.jpg,141,151,43,61,Mask
1621.jpg,7,9,134,138,Mask
1621.jpg,106,108,133,137,Mask
1621.jpg,135,137,127,131,Mask
1621.jpg,31,35,86,94,Mask
0497.jpg,114,132,70,100,No Mask
0497.jpg,44,68,58,96,Mask
0497.jpg,145,181,0,80,Mask
0094.png,0,22,69,123,Mask
0094.png,59,99,60,122,Mask
0094.png,27,53,16,64,Mask
0094.png,118,140,14,54,No Mask
0094.png,50,82,19,69,Mask
0094.png,124,186,4,96,Mask
1343.jpg,69,125,0,95,Mask
1343.jpg,10,64,20,114,Mask
0098.png,0,20,59,115,Mask
0098.png,115,165,23,75,Mask
1781.jpg,70,90,34,62,No Mask
1527.jpg,78,116,16,80,Mask
0247.jpg,25,115,0,112,Mask
1463.jpg,90,108,8,40,Mask
0853.jpg,47,57,70,92,Mask
0295.jpg,146,168,60,98,Mask
0943.jpg,78,140,0,83,Mask
1720.jpeg,106,158,0,94,Mask
1720.jpeg,13,47,0,62,Mask
0536.jpg,25,99,0,96,Mask
0498.jpg,91,179,0,78,Mask
1149.jpg,88,106,41,81,No Mask
0928.jpg,88,116,10,62,Mask
0928.jpg,169,199,0,40,Mask
0293.jpg,106,144,0,63,Mask
0293.jpg,17,31,142,170,Mask
1199.jpg,0,96,0,90,No Mask
1207.jpg,43,95,0,76,Mask
0604.jpg,84,96,45,71,Mask
0604.jpg,103,117,56,80,Mask
0079.jpg,85,97,22,58,Mask
0079.jpg,107,121,28,58,Mask
0262.jpg,59,75,10,46,Mask
0262.jpg,27,47,24,64,Mask
0262.jpg,132,148,55,91,Mask
0262.jpg,176,194,0,44,Mask
0613.jpg,170,182,49,75,Mask
0613.jpg,106,116,46,64,Mask
1205.jpg,53,63,2,26,No Mask
1205.jpg,106,118,10,34,Mask
1205.jpg,6,18,17,41,Mask
1205.jpg,172,184,33,57,Mask
0499.jpg,45,107,0,92,Mask
1583.jpg,14,110,0,108,Mask
1636.jpg,49,107,87,135,Mask
1692.jpg,95,135,0,72,No Mask
1574.jpg,50,116,0,111,Mask
0123.jpg,98,110,24,46,Mask
0123.jpg,181,189,39,53,Mask
0123.jpg,41,51,40,56,Mask
0400.jpg,49,65,26,54,Mask
0400.jpg,128,146,16,44,Mask
0400.jpg,86,102,16,40,Mask
0400.jpg,193,195,29,35,Mask
1156.jpg,94,110,18,44,Mask
1156.jpg,40,54,31,55,Mask
1156.jpg,13,27,65,95,Mask
1156.jpg,166,182,63,97,Mask
1156.jpg,0,9,22,48,Mask
1156.jpg,127,141,23,53,Mask
1156.jpg,156,170,17,43,Mask
1156.jpg,69,91,72,108,Mask
1156.jpg,205,215,39,57,Mask
0317.jpg,60,112,36,82,Mask
0141.jpg,0,118,0,106,No Mask
1433.jpg,160,174,15,41,Mask
1433.jpg,49,65,15,41,Mask
1433.jpg,107,129,33,65,Mask
1433.jpg,0,9,56,90,Mask
1433.jpg,195,211,27,53,Mask
1433.jpg,77,87,17,35,Mask
1433.jpg,9,25,34,58,Mask
0298.jpg,45,107,22,76,No Mask
0188.jpg,27,131,0,94,Mask
1469.jpg,146,172,53,109,Mask
1469.jpg,89,117,43,97,Mask
1469.jpg,18,38,22,64,Mask
1469.jpg,145,159,24,52,Mask
1469.jpg,58,84,104,134,Mask
1469.jpg,63,79,36,66,Mask
1469.jpg,66,84,58,90,Mask
0161.jpg,64,114,0,82,Mask
0758.jpg,59,71,74,86,Mask
0368.jpg,7,19,65,87,Mask
0368.jpg,127,135,58,78,Mask
0368.jpg,89,95,62,78,Mask
0368.jpg,54,62,51,69,No Mask
0368.jpg,110,118,60,74,Mask
0368.jpg,156,164,68,88,Mask
0186.jpg,52,118,0,109,Mask
0663.jpg,68,78,11,31,Mask
0979.jpg,51,55,26,32,Mask
0979.jpg,28,32,33,39,Mask
0979.jpg,152,168,66,90,Mask
0979.jpg,1,5,30,36,Mask
0979.jpg,67,75,56,70,Mask
0979.jpg,76,80,35,39,Mask
0979.jpg,154,156,30,32,Mask
0979.jpg,79,83,40,46,Mask
0488.jpg,2,112,0,98,Mask
1779.jpeg,36,140,12,114,Mask
1779.jpeg,55,67,118,130,Mask
1659.jpg,125,151,70,124,Mask
1659.jpg,45,65,142,176,Mask
1659.jpg,168,176,0,14,Mask
1788.jpg,49,105,0,93,No Mask
0618.jpg,42,100,0,95,Mask
0607.jpg,42,82,33,97,Mask
0199.jpg,97,147,11,77,Mask
0199.jpg,2,36,0,62,Mask
0647.jpg,178,192,46,78,Mask
1476.jpg,153,167,53,81,Mask
1476.jpg,114,132,23,49,Mask
1476.jpg,75,107,20,70,Mask
1476.jpg,96,114,29,65,No Mask
0865.jpg,81,109,0,28,Mask
1389.jpg,39,69,11,57,Mask
1389.jpg,178,194,53,83,Mask
1389.jpg,124,136,52,70,Mask
1389.jpg,156,174,37,65,Mask
1389.jpg,79,95,1,27,Mask
1389.jpg,97,105,53,65,Mask
1389.jpg,114,122,63,75,No Mask
1389.jpg,25,33,24,36,Mask
0066.jpg,21,111,0,116,Mask
0308.jpg,187,201,23,55,Mask
0308.jpg,80,82,73,79,Mask
0308.jpg,48,54,64,80,Mask
0308.jpg,162,170,48,62,Mask
0308.jpg,7,21,62,90,Mask
0308.jpg,140,146,66,78,Mask
0715.jpg,20,114,0,114,Mask
0989.jpg,94,126,0,56,Mask
0989.jpg,38,68,31,73,Mask
0687.jpg,137,149,49,69,Mask
0687.jpg,56,66,48,68,Mask
1113.jpg,109,127,21,39,No Mask
1113.jpg,164,180,13,31,No Mask
1113.jpg,52,70,14,32,No Mask
0659.jpg,113,127,84,100,Mask
0239.jpg,84,128,17,97,No Mask
0133.jpg,135,151,53,81,Mask
1263.jpeg,67,85,39,73,Mask
1585.jpg,86,100,26,64,Mask
0632.jpg,79,87,40,58,Mask
0632.jpg,125,129,75,83,Mask
0632.jpg,154,160,82,88,Mask
0559.jpg,19,115,0,115,Mask
0569.jpg,0,108,0,126,Mask
0516.jpg,111,141,44,98,Mask
0516.jpg,12,44,36,90,Mask
0516.jpg,49,81,51,99,Mask
1248.jpg,45,107,0,96,Mask
0433.jpg,76,92,73,109,Mask
0306.jpg,84,114,26,72,Mask
1253.jpg,73,109,0,66,Mask
0125.jpeg,47,107,0,109,Mask
1089.jpg,15,111,0,126,Mask
1740.jpg,62,114,41,91,Mask
1699.jpg,53,83,43,91,Mask
0927.jpg,172,188,50,90,Mask
0927.jpg,114,132,28,66,Mask
0927.jpg,34,46,51,81,Mask
1190.jpg,110,136,5,55,Mask
1190.jpg,54,70,12,48,Mask
0694.jpg,19,27,75,93,Mask
0694.jpg,44,48,94,100,Mask
1406.jpg,17,111,0,80,Mask
0795.jpg,87,109,7,47,Mask
1318.jpg,75,83,34,48,Mask
1318.jpg,126,134,39,53,Mask
0836.jpg,87,113,83,109,Mask
0785.jpg,125,145,51,91,Mask
0196.jpg,94,134,19,71,Mask
0196.jpg,71,99,17,63,Mask
0290.png,83,163,56,160,Mask
0290.png,0,70,0,45,Mask
0950.jpg,75,117,26,96,Mask
0335.jpg,84,100,32,62,Mask
0335.jpg,133,141,31,47,Mask
0335.jpg,21,33,24,48,No Mask
0335.jpg,157,171,20,44,Mask
0335.jpg,39,55,42,72,Mask
0335.jpg,137,153,40,74,Mask
0335.jpg,38,52,21,47,Mask
0335.jpg,0,3,37,53,No Mask
0335.jpg,175,181,28,44,Mask
0335.jpg,109,117,59,71,Mask
0353.jpg,172,180,28,44,No Mask
0353.jpg,116,130,28,52,Mask
0353.jpg,72,82,86,104,Mask
0353.jpg,48,54,32,48,Mask
0353.jpg,132,140,32,48,Mask
1344.jpg,94,114,8,46,Mask
0359.jpg,56,74,18,54,Mask
0359.jpg,147,153,44,58,Mask
1455.jpg,12,114,0,74,Mask
0567.jpg,13,87,0,95,Mask
0867.jpg,82,124,4,62,Mask
0867.jpg,41,83,72,130,Mask
0390.jpg,22,110,0,126,Mask
1548.jpg,0,111,0,111,Mask
1554.jpg,56,108,0,97,Mask
1677.jpg,78,108,17,69,Mask
1295.jpg,96,114,16,46,No Mask
1295.jpg,28,46,29,65,No Mask
1295.jpg,168,184,54,84,Mask
0326.jpg,22,42,80,114,Mask
0326.jpg,132,152,27,63,Mask
0326.jpg,105,121,126,160,Mask
0326.jpg,0,9,79,95,Mask
1648.jpg,66,84,23,53,Mask
1648.jpg,45,63,61,97,Mask
1648.jpg,114,130,5,35,Mask
1648.jpg,127,151,51,91,Mask
1648.jpg,19,27,24,40,Mask
0160.jpg,69,141,0,91,Mask
0825.jpg,48,62,58,86,Mask
0756.jpg,108,152,27,89,Mask
0756.jpg,0,36,29,89,Mask
1539.jpg,25,109,0,134,Mask
1539.jpg,6,20,92,114,Mask
0489.jpg,82,118,33,107,Mask
1616.jpg,81,143,0,94,Mask
0683.jpg,88,94,61,75,Mask
0683.jpg,153,157,74,82,Mask
0683.jpg,123,127,81,87,Mask
0683.jpg,167,169,77,79,Mask
0683.jpg,59,75,59,83,Mask
0959.jpg,116,158,28,74,Mask
1210.jpg,57,65,21,37,Mask
1210.jpg,144,154,29,49,Mask
1210.jpg,88,96,28,46,Mask
1210.jpg,165,173,16,32,Mask
1210.jpg,28,34,31,45,Mask
0988.jpg,98,166,0,61,Mask
0406.jpg,107,125,24,54,Mask
0406.jpg,30,52,28,66,Mask
0406.jpg,0,9,52,82,Mask
0406.jpg,91,105,46,70,Mask
0406.jpg,135,149,16,48,Mask
0406.jpg,63,79,42,70,Mask
0406.jpg,167,183,14,54,Mask
1040.jpg,46,134,0,131,Mask
1658.jpg,34,50,70,104,Mask
1658.jpg,179,195,67,115,Mask
1658.jpg,63,95,0,53,Mask
1195.jpg,39,111,7,111,Mask
0529.jpg,54,98,14,112,Mask
0851.jpg,94,108,38,54,Mask
0464.jpg,166,190,35,63,Mask
0464.jpg,19,41,26,56,Mask
0464.jpg,97,113,50,74,Mask
1137.jpg,59,105,0,71,Mask
0804.jpg,63,83,0,27,Mask
0804.jpg,197,203,52,58,Mask
0804.jpg,163,173,50,58,Mask
0804.jpg,210,218,50,56,Mask
0804.jpg,48,62,36,52,Mask
0804.jpg,136,142,50,56,Mask
0179.jpg,52,76,17,73,Mask
1456.jpg,61,103,10,80,Mask
1390.jpg,148,176,49,105,Mask
1308.jpg,36,110,0,96,Mask
1079.jpg,6,76,0,131,No Mask
1079.jpg,101,147,16,98,No Mask
1351.jpg,72,130,0,75,Mask
1358.jpg,63,71,49,65,Mask
1059.jpg,0,19,0,54,Mask
1059.jpg,78,108,0,20,Mask
1059.jpg,64,112,0,93,Mask
1796.jpg,112,144,9,71,Mask
1796.jpg,93,105,25,47,Mask
1796.jpg,49,77,23,71,Mask
0420.jpeg,89,121,0,49,Mask
1625.jpg,50,90,0,62,Mask
1611.jpg,117,135,55,89,Mask
1611.jpg,57,73,60,98,Mask
1611.jpg,78,98,35,65,Mask
1348.jpg,58,72,53,79,Mask
1348.jpg,181,191,81,99,Mask
1348.jpg,93,101,118,130,Mask
1348.jpg,21,23,173,177,Mask
1348.jpg,125,129,132,140,Mask
0456.jpg,8,130,0,90,No Mask
0346.jpg,0,21,21,71,Mask
0346.jpg,57,85,32,80,Mask
0346.jpg,134,162,64,100,Mask
0346.jpg,118,148,0,45,Mask
0346.jpg,99,123,0,10,No Mask
0419.jpg,32,40,80,92,Mask
0671.jpg,76,146,0,79,No Mask
0363.jpg,14,26,68,90,Mask
0363.jpg,160,172,97,121,Mask
0363.jpg,191,203,106,130,Mask
0363.jpg,101,115,73,97,Mask
0363.jpg,207,217,125,145,Mask
0363.jpg,2,6,81,87,Mask
0363.jpg,13,17,82,90,Mask
0611.jpg,172,178,73,85,Mask
0611.jpg,81,109,0,36,Mask
0611.jpg,163,165,72,78,Mask
0972.jpg,52,128,6,116,Mask
0964.jpg,152,160,36,48,Mask
0964.jpg,22,26,84,94,Mask
0906.jpg,36,70,3,63,Mask
0906.jpg,126,158,71,121,Mask
1236.jpg,27,79,0,57,Mask
1236.jpg,88,136,85,159,Mask
0235.png,83,101,31,67,Mask
1682.jpg,101,109,95,115,Mask
1682.jpg,67,79,16,40,Mask
1682.jpg,143,151,19,39,Mask
1426.jpg,140,172,80,130,Mask
1426.jpg,169,185,61,87,Mask
1426.jpg,70,78,47,57,Mask
1426.jpg,126,130,44,54,Mask
0119.jpg,28,48,31,71,Mask
0119.jpg,155,173,34,66,Mask
0119.jpg,84,108,4,46,Mask
1118.jpg,46,78,52,88,No Mask
1118.jpg,105,139,28,56,Mask
0198.jpg,91,143,8,62,Mask
0770.jpg,26,122,4,98,Mask
1321.png,124,156,0,44,Mask
1555.jpg,0,115,0,79,Mask
0061.jpg,153,167,17,47,Mask
0061.jpg,81,101,0,31,Mask
0061.jpg,13,17,43,51,Mask
0048.jpg,68,100,18,82,Mask
0475.jpg,131,165,0,63,Mask
0475.jpg,42,76,51,133,Mask
0883.jpg,89,103,4,26,Mask
0883.jpg,58,66,33,49,Mask
0883.jpg,1,5,1,9,Mask
0883.jpg,41,45,2,8,Mask
0026.jpg,113,133,98,134,Mask
0026.jpg,155,171,26,58,Mask
0026.jpg,60,84,50,88,Mask
0026.jpg,73,87,17,41,Mask
0026.jpg,105,125,53,87,Mask
0026.jpg,10,24,32,54,No Mask
0026.jpg,181,199,18,56,Mask
0026.jpg,6,16,11,27,Mask
0026.jpg,124,132,10,26,Mask
0026.jpg,32,40,8,22,Mask
1757.jpg,0,99,9,117,No Mask
0707.jpg,79,95,28,54,Mask
0707.jpg,40,44,10,20,Mask
1535.jpg,90,110,55,87,Mask
1535.jpg,65,83,48,78,Mask
1535.jpg,175,191,54,84,Mask
0938.jpeg,0,63,0,111,Mask
0215.jpg,121,135,34,60,No Mask
0215.jpg,139,153,55,83,No Mask
0215.jpg,3,19,80,108,Mask
0215.jpg,151,169,33,71,Mask
0215.jpg,17,31,69,93,Mask
0215.jpg,69,97,92,140,Mask
0215.jpg,205,211,32,44,Mask
0174.jpg,77,97,0,31,Mask
0174.jpg,187,207,22,62,Mask
0174.jpg,110,134,59,105,Mask
0174.jpg,44,70,49,97,Mask
0174.jpg,68,82,25,53,Mask
0174.jpg,142,158,19,53,Mask
0174.jpg,174,186,38,66,Mask
1432.jpg,3,39,11,71,Mask
1432.jpg,168,198,15,63,Mask
1432.jpg,80,112,32,78,Mask
1739.png,74,128,12,64,Mask
0813.jpg,49,67,9,41,Mask
0813.jpg,163,179,55,83,Mask
1109.jpg,48,96,0,92,Mask
1690.jpg,91,125,51,107,Mask
1688.jpg,3,71,0,77,No Mask
0364.jpg,29,47,65,99,Mask
0364.jpg,138,152,74,108,Mask
1061.jpg,70,84,0,24,Mask
1061.jpg,128,140,28,50,No Mask
1061.jpg,180,188,46,58,Mask
0380.jpg,104,138,48,98,No Mask
0380.jpg,34,60,80,116,Mask
0380.jpg,79,91,54,70,Mask
0835.jpg,104,132,43,75,Mask
1528.jpg,157,173,58,84,Mask
1528.jpg,50,70,2,36,Mask
0538.jpg,175,201,61,115,Mask
0538.jpg,93,117,61,105,No Mask
0538.jpg,16,52,18,74,Mask
0074.jpg,88,108,61,101,Mask
0074.jpg,175,179,178,188,Mask
1151.jpg,101,107,97,109,Mask
0063.jpg,114,160,17,97,Mask
0130.png,71,81,86,102,Mask
0401.jpg,99,115,10,32,Mask
1460.jpg,51,69,0,21,Mask
1460.jpg,45,65,73,109,Mask
1460.jpg,108,128,19,57,Mask
1460.jpg,73,87,86,112,Mask
1460.jpg,198,208,13,33,Mask
1460.jpg,140,154,20,36,Mask
0487.jpg,5,37,22,54,Mask
0487.jpg,112,126,38,62,Mask
1489.jpg,118,138,0,27,Mask
0728.jpg,88,102,41,57,Mask
1050.jpg,83,115,14,46,Mask
1147.jpg,29,57,7,55,Mask
0603.jpg,167,185,43,79,Mask
0603.jpg,160,186,20,88,Mask
0173.jpg,2,60,17,127,Mask
1076.jpg,190,204,56,84,Mask
1076.jpg,31,47,49,75,Mask
1076.jpg,9,17,69,85,Mask
1076.jpg,83,93,59,79,No Mask
1076.jpg,59,71,67,91,Mask
1076.jpg,100,108,54,70,Mask
1076.jpg,23,31,65,85,Mask
1076.jpg,0,3,72,84,Mask
1076.jpg,128,132,65,75,Mask
1076.jpg,160,164,66,76,Mask
1076.jpg,176,180,66,74,Mask
1474.jpg,107,127,14,44,Mask
1474.jpg,159,175,46,64,Mask
1474.jpg,189,203,63,79,Mask
1474.jpg,56,70,3,31,Mask
0377.jpg,49,103,13,99,No Mask
0300.jpg,103,131,7,39,Mask
1772.jpg,75,91,22,38,Mask
0997.jpg,68,82,0,31,Mask
1479.jpg,96,110,57,81,Mask
1479.jpg,179,193,43,67,Mask
1537.jpg,61,81,44,88,Mask
0195.jpg,176,184,61,79,Mask
0195.jpg,72,90,77,109,Mask
0195.jpg,193,205,75,101,Mask
0195.jpg,208,216,67,81,Mask
0195.jpg,89,117,69,123,Mask
0195.jpg,125,133,58,74,Mask
0195.jpg,2,30,84,132,Mask
0195.jpg,94,100,70,82,Mask
0195.jpg,60,68,70,86,Mask
0195.jpg,161,171,72,90,Mask
0195.jpg,161,171,61,73,Mask
0195.jpg,118,122,60,66,Mask
0195.jpg,145,153,118,130,Mask
0195.jpg,103,111,62,74,Mask
0153.jpg,20,106,0,93,Mask
1053.jpg,53,105,0,96,Mask
1234.jpg,24,166,0,76,No Mask
0451.jpg,10,96,0,82,Mask
1647.jpg,137,169,76,142,Mask
0156.jpeg,131,145,34,64,Mask
0156.jpeg,11,43,22,70,Mask
0156.jpeg,142,174,9,63,Mask
1290.jpg,49,105,0,64,Mask
1458.jpg,119,139,77,115,Mask
1458.jpg,154,168,81,107,Mask
1458.jpg,71,95,41,89,Mask
1458.jpg,39,47,17,31,Mask
0767.jpg,82,108,62,90,Mask
0514.png,66,112,13,73,Mask
1471.jpg,0,77,0,58,Mask
0971.jpg,130,148,25,65,Mask
1487.jpg,66,104,31,97,Mask
1211.jpg,44,74,0,55,Mask
1211.jpg,141,169,30,80,Mask
0004.jpg,77,109,11,63,Mask
1515.jpg,48,114,0,93,Mask
0407.jpg,63,89,0,46,Mask
0328.jpg,31,57,5,55,Mask
0328.jpg,93,149,0,108,Mask
1216.jpg,136,154,39,73,Mask
0954.jpg,13,97,0,78,Mask
1064.jpg,131,137,76,92,Mask
1064.jpg,50,56,75,87,Mask
1064.jpg,86,112,30,80,Mask
1064.jpg,171,177,79,93,Mask
1064.jpg,168,174,78,92,Mask
1711.jpg,29,61,9,63,No Mask
1711.jpg,143,173,7,57,Mask
1711.jpg,89,117,56,108,Mask
1011.jpg,59,123,20,128,Mask
1011.jpg,0,11,45,83,Mask
1011.jpg,49,75,56,90,Mask
1579.jpg,0,58,0,76,Mask
1245.jpg,38,80,0,92,Mask
0945.jpg,10,46,53,165,Mask
0945.jpg,112,146,25,91,Mask
0427.jpg,21,115,0,93,Mask
1604.jpg,60,134,0,91,No Mask
1425.png,84,106,82,122,Mask
1055.jpg,134,168,35,105,Mask
1055.jpg,23,61,64,132,Mask
0638.jpg,52,108,5,111,Mask
0800.jpg,131,141,69,83,Mask
0800.jpg,103,111,60,74,Mask
0800.jpg,86,100,80,92,Mask
1398.jpg,86,106,30,62,Mask
0496.jpg,21,55,17,57,Mask
0496.jpg,131,165,11,57,Mask
0045.jpg,38,48,19,39,No Mask
0045.jpg,140,156,72,100,Mask
0045.jpg,41,55,72,98,No Mask
0045.jpg,69,81,20,34,Mask
1037.png,32,96,0,95,Mask
0381.jpg,109,155,0,54,No Mask
0586.jpg,36,56,26,64,No Mask
0344.jpg,55,69,33,63,Mask
0344.jpg,19,35,82,118,Mask
0344.jpg,116,132,47,89,Mask
0344.jpg,101,113,46,72,Mask
0344.jpg,154,168,32,62,Mask
0344.jpg,182,192,41,69,Mask
0344.jpg,136,142,39,53,Mask
1396.jpg,164,170,77,87,Mask
1396.jpg,194,200,114,122,Mask
1396.jpg,50,62,63,87,Mask
1396.jpg,195,199,82,90,Mask
1396.jpg,127,131,84,90,Mask
1396.jpg,142,144,97,101,Mask
1766.jpg,172,180,13,31,Mask
1766.jpg,35,51,20,54,Mask
1766.jpg,140,142,33,39,Mask
1766.jpg,100,112,17,43,Mask
1169.jpg,158,182,50,88,Mask
1169.jpg,78,102,57,99,Mask
1169.jpg,13,35,0,30,Mask
0615.jpg,48,66,48,82,Mask
1213.jpg,29,39,56,68,No Mask
1319.jpg,2,114,25,99,Mask
0697.jpg,88,96,61,75,Mask
0697.jpg,110,118,72,86,Mask
0159.jpg,83,109,27,81,Mask
1338.jpg,5,111,18,100,Mask
0675.jpg,63,107,23,97,Mask
0675.jpg,151,179,57,115,Mask
0675.jpg,16,46,46,96,Mask
0880.jpg,11,27,85,99,Mask
0880.jpg,171,187,72,92,Mask
0740.jpg,52,104,0,60,Mask
0100.jpg,66,86,29,65,Mask
0947.jpg,113,131,37,71,Mask
0947.jpg,67,87,47,77,Mask
1038.jpg,85,121,7,73,Mask
1038.jpg,34,70,8,80,Mask
1449.jpg,89,157,0,92,Mask
1449.jpg,0,41,17,129,Mask
1025.jpg,0,116,0,110,No Mask
1146.jpg,131,157,87,133,No Mask
1146.jpg,47,69,38,80,No Mask
1146.jpg,98,120,42,90,No Mask
0546.jpg,33,43,16,32,No Mask
0546.jpg,118,134,36,70,Mask
0286.jpg,104,160,0,90,Mask
1279.jpg,70,122,0,79,Mask
0251.jpg,95,109,90,118,Mask
0251.jpg,131,151,53,91,Mask
0251.jpg,73,83,133,151,Mask
0251.jpg,39,55,58,88,Mask
0356.jpg,89,117,0,55,Mask
1030.jpg,68,90,47,79,Mask
0528.png,0,65,0,75,Mask
1129.jpg,9,23,52,80,Mask
1129.jpg,174,192,47,75,Mask
0221.jpg,61,105,12,70,Mask
0227.jpg,9,125,0,128,Mask
1681.jpg,160,172,29,53,No Mask
1681.jpg,92,106,37,61,Mask
1681.jpg,132,148,39,69,Mask
1681.jpg,202,210,28,48,Mask
0557.png,200,204,78,86,No Mask
1136.jpg,36,116,0,98,Mask
1793.jpg,70,102,0,61,Mask
0754.jpg,0,13,44,74,Mask
0754.jpg,121,137,50,74,Mask
0414.jpg,48,100,0,59,Mask
1569.jpg,69,125,0,110,Mask
1704.jpg,79,109,20,82,Mask
1704.jpg,143,169,14,72,Mask
1180.jpg,107,151,33,97,Mask
1180.jpg,186,200,28,58,Mask
1180.jpg,22,58,0,53,Mask
1175.jpg,146,152,38,50,Mask
0428.jpg,0,12,117,149,Mask
0428.jpg,77,103,31,89,Mask
0428.jpg,170,186,38,74,Mask
0428.jpg,138,154,45,83,Mask
0428.jpg,4,20,57,81,Mask
0449.jpg,164,186,35,65,No Mask
0449.jpg,105,121,43,69,No Mask
0449.jpg,28,46,46,70,Mask
1457.jpg,137,145,62,74,Mask
1404.jpg,172,186,42,72,Mask
1404.jpg,107,121,5,31,Mask
1404.jpg,142,154,31,55,Mask
1404.jpg,78,90,35,61,Mask
1404.jpg,198,212,25,51,Mask
1404.jpg,45,57,66,92,Mask
1404.jpg,28,40,53,79,Mask
1791.jpg,0,63,0,57,No Mask
1791.jpg,135,137,142,148,Mask
1691.jpg,51,107,0,92,No Mask
0957.jpeg,68,80,67,91,Mask
0957.jpeg,197,203,76,88,Mask
0957.jpeg,138,144,78,90,Mask
0913.jpg,25,81,0,92,Mask
0914.jpg,30,126,0,81,No Mask
1247.jpg,2,126,0,113,Mask
0165.jpg,62,110,21,89,No Mask
0527.jpg,48,110,0,70,Mask
1133.jpg,18,70,0,93,Mask
0708.jpg,147,165,54,74,No Mask
0396.jpg,113,119,24,40,Mask
0610.jpg,187,191,68,74,Mask
0610.jpg,136,142,77,89,Mask
0610.jpg,51,65,38,52,Mask
0610.jpg,111,117,76,88,Mask
0189.jpg,45,69,23,71,Mask
0189.jpg,122,146,52,96,Mask
0189.jpg,86,108,38,86,No Mask
0665.jpg,146,162,56,80,Mask
0665.jpg,17,19,86,90,Mask
1130.jpg,58,72,70,92,Mask
1130.jpg,6,22,52,80,Mask
1130.jpg,173,187,95,117,No Mask
1130.jpg,97,111,30,54,Mask
1130.jpg,156,168,82,104,Mask
1130.jpg,100,108,67,89,Mask
1130.jpg,74,90,82,110,Mask
1130.jpg,55,69,28,52,Mask
1130.jpg,204,214,51,69,Mask
1130.jpg,103,119,0,10,No Mask
1130.jpg,2,18,0,27,Mask
1130.jpg,177,193,0,13,Mask
1130.jpg,193,207,87,113,Mask
1130.jpg,86,94,0,20,Mask
1701.jpg,61,115,15,127,Mask
0773.jpg,23,91,0,109,Mask
0987.jpg,62,86,14,64,Mask
1170.jpg,82,88,116,124,Mask
0241.jpg,55,117,0,76,Mask
1316.jpg,77,97,114,156,Mask
0246.jpg,2,60,0,76,Mask
0246.jpg,14,28,46,82,Mask
0793.jpg,143,151,6,22,No Mask
0793.jpg,160,170,54,70,Mask
0793.jpg,86,94,106,120,Mask
1459.jpg,89,101,14,48,Mask
1112.jpg,0,111,0,92,Mask
0956.jpeg,195,203,60,74,Mask
0956.jpeg,117,125,54,70,Mask
0956.jpeg,143,151,79,95,Mask
0956.jpeg,172,190,90,122,Mask
0956.jpeg,92,100,85,97,Mask
0956.jpeg,149,157,49,61,Mask
0956.jpeg,42,48,59,67,Mask
0956.jpeg,2,10,92,108,Mask
0956.jpeg,168,174,54,66,Mask
0956.jpeg,172,182,70,86,Mask
0956.jpeg,21,47,72,122,Mask
0956.jpeg,84,90,54,66,Mask
0956.jpeg,68,74,59,65,Mask
0956.jpeg,159,163,46,52,Mask
0956.jpeg,6,12,72,84,Mask
0956.jpeg,141,147,52,62,Mask
0956.jpeg,193,199,45,57,Mask
0956.jpeg,29,37,73,85,Mask
0956.jpeg,165,179,87,113,Mask
0956.jpeg,207,213,46,56,Mask
0956.jpeg,23,33,82,96,Mask
0956.jpeg,61,67,72,84,Mask
0956.jpeg,103,109,71,83,Mask
0658.jpg,36,146,23,113,Mask
0259.jpg,70,112,0,36,Mask
1267.jpg,8,52,50,114,Mask
0839.jpg,0,63,0,90,Mask
0839.jpg,80,148,0,126,Mask
0277.jpg,34,114,0,94,Mask
0974.jpg,60,110,0,131,Mask
1249.jpg,109,125,6,32,Mask
1249.jpg,63,81,13,49,Mask
1033.jpg,64,70,44,56,Mask
1033.jpg,97,101,39,49,Mask
1033.jpg,15,23,60,74,Mask
1033.jpg,182,186,50,58,Mask
0612.jpg,105,127,70,104,Mask
0176.jpg,21,53,0,48,Mask
0176.jpg,131,145,105,133,Mask
1545.jpg,74,114,69,123,Mask
0919.jpg,37,109,3,61,No Mask
1723.jpg,24,110,0,96,No Mask
0223.jpg,9,59,0,92,Mask
1695.jpg,122,144,11,63,Mask
1695.jpg,12,18,27,39,Mask
0949.jpg,97,139,22,70,Mask
1714.png,45,73,33,89,Mask
1714.png,88,118,43,99,Mask
1714.png,143,161,54,100,No Mask
0519.jpg,66,110,0,80,No Mask
0563.jpg,120,146,49,75,No Mask
0563.jpg,21,49,56,84,Mask
0563.jpg,164,182,59,81,Mask
1117.jpg,0,96,0,110,Mask
0838.jpg,78,134,53,115,Mask
0902.jpg,150,178,91,139,No Mask
0902.jpg,68,96,66,114,Mask
0902.jpg,95,127,31,79,Mask
0902.jpg,5,27,6,46,Mask
0902.jpg,185,205,56,90,Mask
0686.jpg,124,136,39,65,Mask
0686.jpg,175,181,86,98,Mask
0920.jpg,102,132,18,72,No Mask
1513.jpg,36,108,0,100,Mask
0388.jpg,67,79,5,29,Mask
1375.jpg,89,103,43,73,Mask
1375.jpg,55,69,54,88,Mask
1375.jpg,205,217,31,63,Mask
0598.jpg,5,127,8,116,Mask
0599.jpg,31,89,15,79,No Mask
0521.jpg,96,126,26,88,No Mask
0218.jpg,141,177,53,123,Mask
0218.jpg,116,134,61,97,Mask
0218.jpg,71,79,26,40,Mask
0655.jpg,74,112,13,79,Mask
0270.jpg,167,177,45,65,No Mask
0270.jpg,15,25,37,57,Mask
1160.jpg,50,122,23,113,Mask
0678.jpg,66,106,29,99,Mask
0633.jpg,135,153,60,84,Mask
0633.jpg,57,73,65,93,Mask
0633.jpg,162,176,97,123,Mask
0633.jpg,169,177,104,122,Mask
0333.jpg,59,75,39,73,Mask
0333.jpg,2,26,14,62,Mask
0333.jpg,76,94,21,63,Mask
0472.jpg,80,114,28,104,No Mask
0472.jpg,143,189,0,81,Mask
0626.jpg,57,113,10,114,Mask
1179.jpg,31,57,48,74,No Mask
1162.jpeg,176,196,24,64,Mask
1162.jpeg,141,167,87,135,Mask
1162.jpeg,23,39,60,92,Mask
1162.jpeg,82,92,51,69,Mask
0510.jpg,93,127,0,53,Mask
1776.jpg,61,111,13,65,No Mask
0873.jpg,62,82,95,135,Mask
0991.jpg,133,147,18,50,Mask
0423.jpg,99,105,85,95,Mask
0423.jpg,114,120,98,106,Mask
1608.jpeg,56,104,27,97,Mask
0775.jpg,183,191,94,110,Mask
0775.jpg,1,37,37,95,Mask
1271.jpg,36,100,12,100,No Mask
0721.jpg,80,146,0,96,Mask
0721.jpg,43,63,34,74,Mask
1787.jpg,96,156,0,96,No Mask
1370.jpg,0,17,126,176,Mask
1370.jpg,185,203,31,69,Mask
1370.jpg,98,118,10,40,Mask
0805.jpg,0,59,65,117,Mask
1780.jpg,83,133,5,111,Mask
1086.jpg,88,160,4,110,No Mask
1594.jpg,53,123,0,110,No Mask
0790.jpg,134,142,47,63,Mask
1454.jpg,0,43,0,76,Mask
1454.jpg,87,119,21,55,Mask
0108.png,116,122,42,58,Mask
0108.png,137,149,37,63,Mask
0734.jpg,66,82,49,79,Mask
1478.jpg,137,177,34,88,Mask
1478.jpg,76,118,18,74,Mask
1478.jpg,0,31,0,71,Mask
1478.jpg,48,78,16,64,Mask
0746.jpg,58,130,38,124,Mask
0850.jpg,102,110,72,88,Mask
0850.jpg,71,73,35,41,No Mask
0850.jpg,11,13,34,40,Mask
0850.jpg,185,187,30,34,Mask
0850.jpg,129,131,30,34,Mask
1508.jpg,92,150,0,79,Mask
1042.jpg,68,130,48,122,Mask
1042.jpg,0,9,49,79,Mask
1042.jpg,22,62,61,107,Mask
1042.jpg,145,163,41,63,Mask
1042.jpg,177,203,70,92,Mask
1042.jpg,70,86,56,72,Mask
1600.jpg,91,141,0,97,Mask
1544.jpg,50,92,30,90,Mask
1760.jpeg,72,104,0,63,Mask
1641.jpg,70,92,0,37,Mask
0230.jpg,101,147,5,47,No Mask
0895.jpg,28,112,10,98,No Mask
1642.jpg,31,77,0,125,Mask
0891.jpg,51,103,0,94,Mask
1020.jpg,55,113,1,115,Mask
1239.jpg,25,49,23,73,Mask
0272.jpg,69,107,95,165,Mask
0272.jpg,107,147,31,97,Mask
0272.jpg,11,49,63,115,Mask
0191.jpg,95,109,68,92,Mask
0191.jpg,36,52,49,75,Mask
0191.jpg,114,120,80,94,Mask
0191.jpg,15,25,62,80,Mask
0191.jpg,76,84,80,96,Mask
0191.jpg,170,202,60,114,Mask
1259.jpg,115,133,1,39,Mask
